region,crop_type,year,area_cultivated_ha,production_kg,yield_kg_ha,NDVI_mean,NDVI_peak,temperature_mean,rainfall
Tigray,Teff,2015,184848.49,263601790.0,1426.0,0.5944441396564487,0.999987546344286,20.53333333333333,1281.6
Tigray,Barely,2015,99052.22,169542113.0,1712.0,0.5944441396564487,0.999987546344286,20.53333333333333,1281.6
Tigray,Wheat,2015,108865.39,203459405.0,1869.0,0.5944441396564487,0.999987546344286,20.53333333333333,1281.6
Tigray,Maize,2015,64197.01,159149435.0,2479.0,0.7101110154607001,0.999987546344286,20.85652173913044,1411.4
Tigray,Sorghum,2015,224367.43,610662690.0,2722.0,0.5944441396564487,0.999987546344286,20.871495327102803,1424.8
Tigray,Millet,2015,83131.78,187564271.0,2256.0,0.5944441396564487,0.999987546344286,20.53333333333333,1281.6
Tigray,Teff,2016,162782.72,189825933.0,1166.0,0.4647484489975833,0.5339098940070204,19.763387978142077,1542.9999999999998
Tigray,Barely,2016,99423.28,157174532.0,1581.0,0.4647484489975833,0.5339098940070204,19.763387978142077,1542.9999999999998
Tigray,Wheat,2016,102847.97,176096635.0,1712.0,0.4647484489975833,0.5339098940070204,19.763387978142077,1542.9999999999998
Tigray,Maize,2016,62640.0,137908952.0,2202.0,0.5166445023739303,0.5339098940070204,20.06032608695652,1702.0
Tigray,Sorghum,2016,239371.58,624644832.0,2610.0,0.4647484489975833,0.5339098940070204,20.098130841121492,1702.1999999999998
Tigray,Millet,2016,84280.34,150614872.0,1787.0,0.4647484489975833,0.5339098940070204,19.763387978142077,1542.9999999999998
Tigray,Teff,2017,167584.33,241011677.0,1438.0,0.3943210195160713,0.5508521282777151,19.95846994535519,509.9
Tigray,Barely,2017,95462.96,169572540.0,1776.0,0.3943210195160713,0.5508521282777151,19.95846994535519,509.9
Tigray,Wheat,2017,107724.17,212867257.0,1976.0,0.3943210195160713,0.5508521282777151,19.95846994535519,509.9
Tigray,Maize,2017,66451.95,169801363.0,2555.0,0.3932497170464388,0.5508521282777151,20.101630434782606,616.8999999999999
Tigray,Sorghum,2017,253757.11,712005432.0,2806.0,0.3802317255842484,0.5508521282777151,20.195327102803738,617.2
Tigray,Millet,2017,86613.23,196044168.0,2263.0,0.3943210195160713,0.5508521282777151,19.95846994535519,509.9
Tigray,Teff,2018,167748.72,257906058.0,1537.0,0.3407458878316096,0.5050086657966301,19.30163934426229,744.3
Tigray,Barely,2018,94725.02,169417980.0,1789.0,0.3407458878316096,0.5050086657966301,19.30163934426229,744.3
Tigray,Wheat,2018,107929.86,214003144.0,1983.0,0.3407458878316096,0.5050086657966301,19.30163934426229,744.3
Tigray,Maize,2018,62161.78,159056125.0,2559.0,0.2905843009102802,0.5050086657966301,20.04565217391304,754.8
Tigray,Sorghum,2018,254655.92,726271779.0,2852.0,0.3035451168928811,0.5050086657966301,20.000934579439257,763.2
Tigray,Millet,2018,82021.79,185826511.0,2266.0,0.3407458878316096,0.5050086657966301,19.30163934426229,744.3
Tigray,Teff,2019,176545.98,283833741.0,1608.0,0.3443632547626015,0.588376858967213,18.99398907103825,834.2
Tigray,Barely,2019,91579.93,168685384.0,1842.0,0.3443632547626015,0.588376858967213,18.99398907103825,834.2
Tigray,Wheat,2019,119580.03,251411295.0,2102.0,0.3443632547626015,0.588376858967213,18.99398907103825,834.2
Tigray,Maize,2019,67675.62,173597203.0,2565.0,0.3132595617461569,0.588376858967213,19.692391304347822,849.8
Tigray,Sorghum,2019,242716.17,709250941.0,2922.0,0.314265697821725,0.588376858967213,19.7214953271028,867.6
Tigray,Millet,2019,85575.12,205423561.0,2401.0,0.3443632547626015,0.588376858967213,18.99398907103825,834.2
Tigray,Oats,2019,203.83,408743.0,2005.0,0.3443632547626015,0.588376858967213,18.99398907103825,834.2
Tigray,Teff,2020,166718.86,279081158.0,1674.0,0.360054916059755,0.5817391536642403,19.57540983606557,655.3
Tigray,Barely,2020,94845.64,176359549.0,1859.0,0.360054916059755,0.5817391536642403,19.57540983606557,655.3
Tigray,Wheat,2020,121471.1,259339841.0,2135.0,0.360054916059755,0.5817391536642403,19.57540983606557,655.3
Tigray,Maize,2020,69865.24,188645136.0,2700.0,0.3248535577446035,0.5817391536642403,20.096739130434784,727.9
Tigray,Sorghum,2020,239044.72,720625344.0,3015.0,0.3299719040552961,0.5817391536642403,20.0981308411215,728.9
Tigray,Millet,2020,84868.47,213906149.0,2520.0,0.360054916059755,0.5817391536642403,19.57540983606557,655.3
Tigray,Teff,2021,188391.88,311753877.0,1655.0,0.3404662821327792,0.5701575321517994,19.866120218579237,654.9000000000001
Tigray,Barely,2021,85431.88,160688813.0,1881.0,0.3404662821327792,0.5701575321517994,19.866120218579237,654.9000000000001
Tigray,Wheat,2021,102258.28,223907183.0,2190.0,0.3404662821327792,0.5701575321517994,19.866120218579237,654.9000000000001
Tigray,Maize,2021,80151.64,246465394.0,3075.0,0.3178904611276892,0.5701575321517994,20.18586956521739,695.3
Tigray,Sorghum,2021,232636.49,700856077.0,3013.0,0.3267780657506711,0.5701575321517994,20.25560747663552,695.9000000000001
Tigray,Millet,2021,9199.73,215725616.0,2392.0,0.3404662821327792,0.5701575321517994,19.866120218579237,654.9000000000001
Afar,Maize,2016,2330.86,5639678.0,2420.0,0.1140866031203631,0.1737494478186712,31.707608695652176,125.6
Afar,Maize,2017,4664.83,13553348.0,2905.0,0.1051533852879907,0.1570332915550728,32.25054347826087,101.7
Afar,Sorghum,2017,1555.78,3338260.0,2146.0,0.1075320789014734,0.1570332915550728,31.472897196261684,101.7
Afar,Maize,2018,4308.23,13800912.0,3203.0,0.1009209268910447,0.1429769969789629,32.1570652173913,51.8
Afar,Maize,2019,4308.23,13800912.0,3203.0,0.0758565312823398,0.149689025969698,31.782608695652176,110.7
Afar,Maize,2021,2933.27,2684522.0,915.0,0.0994793933746242,0.248118855647206,31.71195652173913,149.39999999999998
Afar,Sorghum,2021,2333.36,2987401.0,1280.0,0.10065000125046805,0.248118855647206,31.145327102803737,150.2
Afar,Teff,2022,1453.0,0.0,0.0,0.11113013982469389,0.26771632409985785,29.790710382513666,343.20000000000005
Afar,Maize,2022,4651.0,3604169.0,775.0,0.10551454301894331,0.26771632409985785,30.87826086956522,342.7
Afar,Sorghum,2022,2501.0,1199761.0,480.0,0.10591337318061275,0.26771632409985785,30.34672897196262,343.20000000000005
Amhara,Teff,2015,1143115.98,1809367086.0,1583.0,0.5489031258677847,0.9485927506986502,23.168306010928962,768.3000000000001
Amhara,Barely,2015,362738.63,625622575.0,1725.0,0.5489031258677847,0.9485927506986502,23.168306010928962,768.3000000000001
Amhara,Wheat,2015,529609.63,1195823247.0,2225.0,0.5489031258677847,0.9485927506986502,23.168306010928962,768.3000000000001
Amhara,Maize,2015,513367.36,1837500847.0,3579.0,0.9485269073987214,0.9485927506986502,23.30163043478261,942.3999999999999
Amhara,Sorghum,2015,655671.97,1396664583.0,2130.0,0.5489031258677847,0.9485927506986502,23.372897196261686,948.2
Amhara,Millet,2015,242894.75,490200198.0,2018.0,0.5489031258677847,0.9485927506986502,23.168306010928962,768.3000000000001
Amhara,Oats,2015,4497.67,6070167.0,1350.0,0.5489031258677847,0.9485927506986502,23.168306010928962,768.3000000000001
Amhara,Teff,2016,1093135.22,1757022412.0,1607.0,0.27853983560231976,0.45378931149656976,22.221311475409838,1175.9
Amhara,Barely,2016,323130.12,575904799.0,182.0,0.27853983560231976,0.45378931149656976,22.221311475409838,1175.9
Amhara,Wheat,2016,545106.1,1221904309.0,2242.0,0.27853983560231976,0.45378931149656976,22.221311475409838,1175.9
Amhara,Maize,2016,517210.23,1814326840.0,3508.0,0.45372425321128723,0.45378931149656976,22.3679347826087,1343.3
Amhara,Sorghum,2016,644263.75,1366961233.0,2122.0,0.27853983560231976,0.45378931149656976,22.45140186915888,1347.0
Amhara,Millet,2016,256064.53,54275220.0,2145.0,0.27853983560231976,0.45378931149656976,22.221311475409838,1175.9
Amhara,Oats,2016,2872.6,3780234.0,1316.0,0.27853983560231976,0.45378931149656976,22.221311475409838,1175.9
Amhara,Teff,2017,1137844.18,1932857365.0,1699.0,0.2415430138782603,0.34987040674174374,21.304918032786887,651.4
Amhara,Barely,2017,323655.73,608069113.0,1879.0,0.2415430138782603,0.34987040674174374,21.304918032786887,651.4
Amhara,Wheat,2017,554284.49,1319069113.0,2380.0,0.2415430138782603,0.34987040674174374,21.304918032786887,651.4
Amhara,Maize,2017,519495.71,1962937196.0,3780.0,0.27540290560375547,0.34987040674174374,21.358695652173914,728.4
Amhara,Sorghum,2017,670114.31,1640299423.0,2448.0,0.2415430138782603,0.34987040674174374,21.476635514018692,732.7
Amhara,Millet,2017,246666.06,557331121.0,2259.0,0.2415430138782603,0.34987040674174374,21.304918032786887,651.4
Amhara,Oats,2017,3002.02,4480834.0,1493.0,0.2415430138782603,0.34987040674174374,21.304918032786887,651.4
Amhara,Teff,2018,1138030.51,2039448271.0,1792.0,0.26716727216636954,0.2815829769500659,20.166120218579234,857.9000000000001
Amhara,Barely,2018,323936.38,639452375.0,1974.0,0.26716727216636954,0.2815829769500659,20.166120218579234,857.9000000000001
Amhara,Wheat,2018,554661.74,1404707481.0,2533.0,0.26716727216636954,0.2815829769500659,20.166120218579234,857.9000000000001
Amhara,Maize,2018,520116.84,2071865758.0,3983.0,0.19622335385241532,0.2815829769500659,21.03641304347826,843.0
Amhara,Sorghum,2018,672491.78,1781203242.0,2649.0,0.2359007446156487,0.2815829769500659,20.927570093457945,866.6
Amhara,Millet,2018,246522.71,560466508.0,2273.0,0.26716727216636954,0.2815829769500659,20.166120218579234,857.9000000000001
Amhara,Oats,2018,4094.8,6189357.0,1512.0,0.26716727216636954,0.2815829769500659,20.166120218579234,857.9000000000001
Amhara,Teff,2019,1200986.74,2161486185.0,1800.0,0.2392741032035443,0.4476295795364067,20.63005464480874,1097.3000000000002
Amhara,Barely,2019,238164.36,481769434.0,2023.0,0.2392741032035443,0.4476295795364067,20.63005464480874,1097.3000000000002
Amhara,Wheat,2019,570742.91,1482043379.0,2597.0,0.2392741032035443,0.4476295795364067,20.63005464480874,1097.3000000000002
Amhara,Maize,2019,559981.55,2284448311.0,4080.0,0.23442122545160157,0.4476295795364067,21.105978260869566,1120.4
Amhara,Sorghum,2019,643170.0,1704082052.0,2650.0,0.2301993590514606,0.4476295795364067,21.216355140186913,1141.8
Amhara,Millet,2019,248292.4,571094996.0,2300.0,0.2392741032035443,0.4476295795364067,20.63005464480874,1097.3000000000002
Amhara,Oats,2019,3055.08,4518212.0,1479.0,0.2392741032035443,0.4476295795364067,20.63005464480874,1097.3000000000002
Amhara,Teff,2020,1201283.74,2258240600.0,1880.0,0.26861588333932357,0.5467498054915371,20.462841530054643,1008.0
Amhara,Barely,2020,242470.69,492206224.0,2030.0,0.26861588333932357,0.5467498054915371,20.462841530054643,1008.0
Amhara,Wheat,2020,575015.31,1558379990.0,2710.0,0.26861588333932357,0.5467498054915371,20.462841530054643,1008.0
Amhara,Maize,2020,534007.8,2195880725.0,4112.0,0.23744141398592458,0.5467498054915371,20.895652173913046,1051.3000000000002
Amhara,Sorghum,2020,688114.09,1883182338.0,2737.0,0.23906232585219775,0.5467498054915371,20.961214953271032,1057.0
Amhara,Millet,2020,234632.36,570819330.0,2433.0,0.26861588333932357,0.5467498054915371,20.462841530054643,1008.0
Amhara,Oats,2020,2469.16,3793179.0,1536.0,0.26861588333932357,0.5467498054915371,20.462841530054643,1008.0
Amhara,Teff,2021,1086374.6,2096462906.0,1930.0,0.26489766220647126,0.48064639228032574,20.74808743169399,942.5
Amhara,Barely,2021,311401.39,728902314.0,2341.0,0.26489766220647126,0.48064639228032574,20.74808743169399,942.5
Amhara,Wheat,2021,641170.34,1815255660.0,2831.0,0.26489766220647126,0.48064639228032574,20.74808743169399,942.5
Amhara,Maize,2021,595085.89,2542469511.0,4272.0,0.25429712104634083,0.48064639228032574,20.874456521739127,1001.1000000000001
Amhara,Sorghum,2021,597440.83,1588192136.0,2658.0,0.24976593715013812,0.48064639228032574,20.953271028037385,1003.2
Amhara,Millet,2021,259903.48,660446344.0,2541.0,0.26489766220647126,0.48064639228032574,20.74808743169399,942.5
Amhara,Oats,2021,4561.04,6837950.0,1499.0,0.26489766220647126,0.48064639228032574,20.74808743169399,942.5
Amhara,Teff,2022,1177078.03,2254030137.0,1915.0,0.2896699732585647,0.5464548577889874,20.183060109289617,949.9000000000001
Amhara,Barely,2022,286865.38,646475641.0,2254.0,0.2896699732585647,0.5464548577889874,20.183060109289617,949.9000000000001
Amhara,Wheat,2022,689614.06,1922028970.0,2787.0,0.2896699732585647,0.5464548577889874,20.183060109289617,949.9000000000001
Amhara,Maize,2022,616502.44,2642188834.0,4286.0,0.24728920687630038,0.5464548577889874,21.01195652173913,949.8
Amhara,Sorghum,2022,576148.05,1529198053.0,2654.0,0.2514946681086315,0.5464548577889874,21.011682242990656,950.8000000000001
Amhara,Millet,2022,243448.48,632893061.0,2600.0,0.2896699732585647,0.5464548577889874,20.183060109289617,949.9000000000001
Amhara,Oats,2022,2933.05,4151348.0,1415.0,0.2896699732585647,0.5464548577889874,20.183060109289617,949.9000000000001
Oromiya,Teff,2015,1427548.05,2325488216.0,1629.0,0.29907558996342,0.29917478715030643,20.989071038251367,264.5
Oromiya,Barely,2015,456192.42,127532649.0,2252.0,0.29907558996342,0.29917478715030643,20.989071038251367,264.5
Oromiya,Wheat,2015,875641.45,2470321041.0,2821.0,0.29907558996342,0.29917478715030643,20.989071038251367,264.5
Oromiya,Maize,2015,1129849.71,3944110364.0,3491.0,0.29907558996342,0.29917478715030643,21.31086956521739,330.9
Oromiya,Sorghum,2015,719399.7,1814671697.0,2522.0,0.29907558996342,0.29917478715030643,21.207943925233646,331.79999999999995
Oromiya,Millet,2015,92804.53,183448648.0,1977.0,0.29907558996342,0.29917478715030643,20.989071038251367,264.5
Oromiya,Oats,2015,22369.93,42990350.0,1922.0,0.29907558996342,0.29917478715030643,20.989071038251367,264.5
Oromiya,Teff,2016,1369934.27,2215625767.0,1617.0,0.29679996299852446,0.30225742320129284,20.447540983606558,272.2
Oromiya,Barely,2016,439971.07,980086302.0,2228.0,0.29679996299852446,0.30225742320129284,20.447540983606558,272.2
Oromiya,Wheat,2016,872252.8,2459375144.0,2820.0,0.29679996299852446,0.30225742320129284,20.447540983606558,272.2
Oromiya,Maize,2016,1125747.85,3953859374.0,3512.0,0.25581970354836225,0.2557856946411128,20.559239130434783,399.0
Oromiya,Sorghum,2016,759954.42,1884630071.0,2480.0,0.29679996299852446,0.30225742320129284,20.489719626168224,401.8
Oromiya,Millet,2016,88929.61,183257842.0,2061.0,0.29679996299852446,0.30225742320129284,20.447540983606558,272.2
Oromiya,Oats,2016,18685.46,35777129.0,1915.0,0.29679996299852446,0.30225742320129284,20.447540983606558,272.2
Oromiya,Teff,2017,1441029.78,2473796379.0,1717.0,0.28621667089285996,0.36568969598909606,20.154644808743168,495.59999999999997
Oromiya,Barely,2017,454662.78,1093944813.0,2406.0,0.28621667089285996,0.36568969598909606,20.154644808743168,495.59999999999997
Oromiya,Wheat,2017,898455.57,2664024446.0,2965.0,0.28621667089285996,0.36568969598909606,20.154644808743168,495.59999999999997
Oromiya,Maize,2017,1142653.56,4362096931.0,3818.0,0.33487659702633815,0.36568969598909606,20.205978260869564,650.6999999999999
Oromiya,Sorghum,2017,739781.8,1916601228.0,2591.0,0.28621667089285996,0.36568969598909606,20.237850467289718,651.3999999999999
Oromiya,Millet,2017,89584.8,203588144.0,2273.0,0.28621667089285996,0.36568969598909606,20.154644808743168,495.59999999999997
Oromiya,Oats,2017,20656.17,44128318.0,2136.0,0.28621667089285996,0.36568969598909606,20.154644808743168,495.59999999999997
Oromiya,Teff,2018,1443847.96,2581457748.0,1788.0,0.3828403969729988,0.48213238663946933,19.9120218579235,526.6
Oromiya,Barely,2018,451279.26,1088487660.0,2412.0,0.3828403969729988,0.48213238663946933,19.9120218579235,526.6
Oromiya,Wheat,2018,898682.57,2669917773.0,2971.0,0.3828403969729988,0.48213238663946933,19.9120218579235,526.6
Oromiya,Maize,2018,1146899.78,4676744066.0,4078.0,0.3732624374721102,0.48213238663946933,20.047826086956523,559.8
Oromiya,Sorghum,2018,735263.79,2081066734.0,2830.0,0.347599879498633,0.48213238663946933,20.095794392523363,591.1999999999999
Oromiya,Millet,2018,93831.88,219537397.0,2340.0,0.3828403969729988,0.48213238663946933,19.9120218579235,526.6
Oromiya,Oats,2018,21253.56,45913699.0,2160.0,0.3828403969729988,0.48213238663946933,19.9120218579235,526.6
Oromiya,Teff,2019,1431869.73,2562868888.0,1790.0,0.3108304452433199,0.6065937500295525,19.65191256830601,627.3
Oromiya,Barely,2019,386569.22,932507644.0,2412.0,0.3108304452433199,0.6065937500295525,19.65191256830601,627.3
Oromiya,Wheat,2019,897118.0,2685287615.0,2912.0,0.3108304452433199,0.6065937500295525,19.65191256830601,627.3
Oromiya,Maize,2019,1324274.98,5438311944.0,4107.0,0.2726001676015948,0.6065937500295525,20.01086956521739,706.8
Oromiya,Sorghum,2019,718966.58,2053163606.0,2856.0,0.27989667964910003,0.6065937500295525,20.08224299065421,737.0
Oromiya,Millet,2019,82044.16,201074320.0,2451.0,0.3108304452433199,0.6065937500295525,19.65191256830601,627.3
Oromiya,Oats,2019,11212.68,24678517.0,2201.0,0.3108304452433199,0.6065937500295525,19.65191256830601,627.3
Oromiya,Teff,2020,1512041.32,2845606691.0,1882.0,0.35146001915487074,0.6351890140720673,19.8224043715847,595.4
Oromiya,Barely,2020,372910.96,904786657.0,2426.0,0.35146001915487074,0.6351890140720673,19.8224043715847,595.4
Oromiya,Wheat,2020,897236.5,2800964857.0,3122.0,0.35146001915487074,0.6351890140720673,19.8224043715847,595.4
Oromiya,Maize,2020,1390841.48,5981665264.0,4301.0,0.3535081671302108,0.6351890140720673,19.942934782608695,672.5
Oromiya,Sorghum,2020,629724.86,1901752085.0,3020.0,0.3417294782660934,0.6351890140720673,20.003738317757005,678.6
Oromiya,Millet,2020,68782.2,171626108.0,2495.0,0.35146001915487074,0.6351890140720673,19.8224043715847,595.4
Oromiya,Oats,2020,8310.97,18329366.0,2205.0,0.35146001915487074,0.6351890140720673,19.8224043715847,595.4
Oromiya,Teff,2021,1393455.62,2690467012.0,1931.0,0.3063841447870365,0.6002333824441829,19.712568306010926,509.4
Oromiya,Barely,2021,440702.06,1231994795.0,2796.0,0.3063841447870365,0.6002333824441829,19.712568306010926,509.4
Oromiya,Wheat,2021,996364.4,3287749709.0,3300.0,0.3063841447870365,0.6002333824441829,19.712568306010926,509.4
Oromiya,Maize,2021,1371868.06,5888706426.0,4292.0,0.30470941494968096,0.6002333824441829,19.91576086956522,581.8
Oromiya,Sorghum,2021,676075.0,1836612661.0,2717.0,0.2973356237782687,0.6002333824441829,19.904672897196264,583.1
Oromiya,Millet,2021,97266.93,251563241.0,2586.0,0.3063841447870365,0.6002333824441829,19.712568306010926,509.4
Oromiya,Oats,2021,10582.3,23103277.0,2183.0,0.3063841447870365,0.6002333824441829,19.712568306010926,509.4
Oromiya,Teff,2022,1519814.74,2996758806.0,1972.0,0.3291656534015232,0.7103923674081233,19.278688524590162,627.0
Oromiya,Barely,2022,434183.48,1239939241.0,2856.0,0.3291656534015232,0.7103923674081233,19.278688524590162,627.0
Oromiya,Wheat,2022,1030582.0,3467385140.0,3364.0,0.3291656534015232,0.7103923674081233,19.278688524590162,627.0
Oromiya,Maize,2022,1464047.9,6190777070.0,4229.0,0.29526730825068426,0.7103923674081233,19.96358695652174,625.5
Oromiya,Sorghum,2022,612806.85,1664914738.0,2717.0,0.29722786488718955,0.7103923674081233,19.89485981308411,627.9
Oromiya,Millet,2022,90123.82,235107600.0,2609.0,0.3291656534015232,0.7103923674081233,19.278688524590162,627.0
Oromiya,Oats,2022,24498.96,54715830.0,2233.0,0.3291656534015232,0.7103923674081233,19.278688524590162,627.0
Somalia,Maize,2016,25833.74,61503026.0,2381.0,0.12321904894586436,0.12322947869040497,27.217934782608694,64.69999999999999
Somalia,Sorghum,2016,33056.64,85415780.0,2584.0,0.12321904894586436,0.12322947869040497,27.245794392523365,82.4
Somalia,Maize,2017,24767.08,51594344.0,2083.0,0.12937526179637762,0.1665372745436496,27.148369565217386,90.0
Somalia,Sorghum,2017,40388.03,80674097.0,1997.0,0.17290008246323707,0.28257287836692546,26.742523364485976,153.0
Somalia,Maize,2018,23792.38,57483111.0,2416.0,0.16772911281423725,0.24663052332246926,26.52445652173913,154.5
Somalia,Sorghum,2018,41271.04,95083254.0,2304.0,0.17655553770435206,0.24663052332246926,26.40514018691589,183.1
Somalia,Maize,2019,23792.38,57483111.0,2416.0,0.09524520914331745,0.3284427466020488,26.669021739130436,294.59999999999997
Somalia,Sorghum,2019,41271.04,95083254.0,2304.0,0.1319456499279445,0.540866904783669,26.272429906542058,372.0
Somalia,Maize,2021,53753.17,108443591.0,2017.0,0.12531638396073785,0.2804220280799591,26.822282608695648,126.7
Somalia,Sorghum,2021,45321.84,78293509.0,1727.0,0.130502380050275,0.2804220280799591,26.94439252336449,138.5
Somalia,Maize,2022,10419.0,10251134.0,984.0,0.12915688256446478,0.23518614253259687,26.89239130434783,79.5
Benushangul Gumuz,Teff,2015,21409.26,24659144.0,1152.0,0.7584601154952257,0.8017862569664963,23.92896174863388,2722.1
Benushangul Gumuz,Barely,2015,774.28,1028417.0,1328.0,0.7584601154952257,0.8017862569664963,23.92896174863388,2722.1
Benushangul Gumuz,Wheat,2015,2033.12,0.0,0.0,0.7584601154952257,0.8017862569664963,23.92896174863388,2722.1
Benushangul Gumuz,Maize,2015,45278.92,156509077.0,3457.0,0.8017950084799338,0.8017862569664963,24.133695652173916,2942.6
Benushangul Gumuz,Sorghum,2015,64264.39,137852785.0,2145.0,0.7584601154952257,0.8017862569664963,24.2785046728972,3017.3999999999996
Benushangul Gumuz,Millet,2015,30791.23,47634489.0,1547.0,0.7584601154952257,0.8017862569664963,23.92896174863388,2722.1
Benushangul Gumuz,Teff,2016,27116.65,31527669.0,1163.0,0.7665120539405613,0.8134351270891864,23.53169398907104,2553.3999999999996
Benushangul Gumuz,Barely,2016,592.53,795097.0,1342.0,0.7665120539405613,0.8134351270891864,23.53169398907104,2553.3999999999996
Benushangul Gumuz,Wheat,2016,2951.7,6740195.0,2283.0,0.7665120539405613,0.8134351270891864,23.53169398907104,2553.3999999999996
Benushangul Gumuz,Maize,2016,46998.87,167376015.0,3561.0,0.7781380912130488,0.8134351270891864,23.546739130434784,3048.5
Benushangul Gumuz,Sorghum,2016,51803.23,116895603.0,2257.0,0.766434133346722,0.8134351270891864,23.82102803738318,3063.7999999999997
Benushangul Gumuz,Millet,2016,32452.56,51824491.0,1597.0,0.7665120539405613,0.8134351270891864,23.53169398907104,2553.3999999999996
Benushangul Gumuz,Teff,2017,24432.5,30318432.0,1241.0,0.728349811396995,0.8363846051490258,23.43770491803279,511.90000000000003
Benushangul Gumuz,Barely,2017,773.15,1119386.0,1448.0,0.728349811396995,0.8363846051490258,23.43770491803279,511.90000000000003
Benushangul Gumuz,Wheat,2017,2081.17,0.0,0.0,0.728349811396995,0.8363846051490258,23.43770491803279,511.90000000000003
Benushangul Gumuz,Maize,2017,49115.09,188481615.0,3838.0,0.69821286925885,0.8363846051490258,23.36141304347826,661.0
Benushangul Gumuz,Sorghum,2017,58377.9,142172507.0,2435.0,0.728349811396995,0.8363846051490258,23.735046728971962,661.5999999999999
Benushangul Gumuz,Millet,2017,29680.79,54448897.0,1834.0,0.728349811396995,0.8363846051490258,23.43770491803279,511.90000000000003
Benushangul Gumuz,Teff,2018,24529.72,32869677.0,1340.0,0.7702447516270627,0.8449917468420812,23.301639344262288,440.7
Benushangul Gumuz,Barely,2018,729.21,1064121.0,1459.0,0.7702447516270627,0.8449917468420812,23.301639344262288,440.7
Benushangul Gumuz,Wheat,2018,2455.71,5908357.0,2406.0,0.7702447516270627,0.8449917468420812,23.301639344262288,440.7
Benushangul Gumuz,Maize,2018,50681.11,203375051.0,4013.0,0.5304715251546811,0.8449917468420812,23.566304347826087,485.0999999999999
Benushangul Gumuz,Sorghum,2018,58946.39,158002844.0,2680.0,0.6772565862603293,0.8449917468420812,23.90233644859813,488.09999999999997
Benushangul Gumuz,Millet,2018,29167.48,57771303.0,1981.0,0.7702447516270627,0.8449917468420812,23.301639344262288,440.7
Benushangul Gumuz,Teff,2019,29726.64,43213513.0,1454.0,0.4358637694578804,0.8483015342351784,22.321311475409836,723.8
Benushangul Gumuz,Barely,2019,1687.07,2637226.0,1563.0,0.4358637694578804,0.8483015342351784,22.321311475409836,723.8
Benushangul Gumuz,Wheat,2019,3033.6,7322787.0,2414.0,0.4358637694578804,0.8483015342351784,22.321311475409836,723.8
Benushangul Gumuz,Maize,2019,62287.85,253986366.0,4078.0,0.34838812964833693,0.8483015342351784,23.011413043478264,762.5
Benushangul Gumuz,Sorghum,2019,56675.14,151995631.0,2682.0,0.4207077075378584,0.8483015342351784,23.119158878504674,770.2
Benushangul Gumuz,Millet,2019,21311.26,42655487.0,2002.0,0.4358637694578804,0.8483015342351784,22.321311475409836,723.8
Benushangul Gumuz,Teff,2020,27130.09,40606801.0,1497.0,0.5349834799051756,0.8339831677524269,23.16065573770492,515.8
Benushangul Gumuz,Wheat,2020,3377.63,8477865.0,2510.0,0.5349834799051756,0.8339831677524269,23.16065573770492,515.8
Benushangul Gumuz,Maize,2020,61948.91,256836140.0,4146.0,0.44129633262656465,0.8339831677524269,23.411413043478266,576.8
Benushangul Gumuz,Sorghum,2020,60134.58,173394724.0,2883.0,0.5006537267047131,0.8339831677524269,23.686915887850468,576.9000000000001
Benushangul Gumuz,Millet,2020,17548.8,36309112.0,2069.0,0.5349834799051756,0.8339831677524269,23.16065573770492,515.8
Benushangul Gumuz,Teff,2021,22021.32,33444520.0,1519.0,0.6476784130654633,0.8524708148676658,23.44863387978142,480.90000000000003
Benushangul Gumuz,Maize,2021,71802.87,308909188.0,4302.0,0.5743452815969645,0.8524708148676658,23.495108695652174,524.5999999999999
Benushangul Gumuz,Sorghum,2021,39742.1,0.0,0.0,0.6091523248841684,0.8524708148676658,23.77289719626168,529.6
Benushangul Gumuz,Millet,2021,23553.74,52537630.0,2231.0,0.6476784130654633,0.8524708148676658,23.44863387978142,480.90000000000003
Benushangul Gumuz,Teff,2022,22021.32,33444520.0,1519.0,0.6349667713506186,0.8395528200026988,22.162295081967216,987.1999999999999
Benushangul Gumuz,Maize,2022,71802.87,308909188.0,4302.0,0.5815743323271291,0.8395528200026988,22.928260869565218,1001.5999999999999
Benushangul Gumuz,Sorghum,2022,39742.1,0.0,0.0,0.6214157046599964,0.8395528200026988,23.08504672897196,1002.2
Benushangul Gumuz,Millet,2022,23553.74,52537630.0,2231.0,0.6349667713506186,0.8395528200026988,22.162295081967216,987.1999999999999
S.N.N.P.R,Teff,2015,238539.4,326860266.0,1370.0,0.9971228223625461,0.9970896740951758,22.461748633879782,696.0
S.N.N.P.R,Barely,2015,73614.79,126845014.0,1723.0,0.9971228223625461,0.9970896740951758,22.461748633879782,696.0
S.N.N.P.R,Wheat,2015,137294.72,334571131.0,2437.0,0.9971228223625461,0.9970896740951758,22.461748633879782,696.0
S.N.N.P.R,Maize,2015,310243.28,999868525.0,3223.0,0.9971228223625461,0.9970896740951758,22.210869565217394,850.9000000000001
S.N.N.P.R,Sorghum,2015,116887.44,247740287.0,2119.0,0.9971228223625461,0.9970896740951758,22.436915887850468,881.8
S.N.N.P.R,Millet,2015,4286.6,6466913.0,1509.0,0.9971228223625461,0.9970896740951758,22.461748633879782,696.0
S.N.N.P.R,Oats,2015,301.49,415278.0,1377.0,0.9971228223625461,0.9970896740951758,22.461748633879782,696.0
S.N.N.P.R,Teff,2016,212098.09,277360093.0,1308.0,0.3989388455271775,0.4284612860859368,22.028415300546445,600.0999999999999
S.N.N.P.R,Barely,2016,80861.37,142437232.0,1761.0,0.3989388455271775,0.4284612860859368,22.028415300546445,600.0999999999999
S.N.N.P.R,Wheat,2016,133419.8,334633928.0,2508.0,0.3989388455271775,0.4284612860859368,22.028415300546445,600.0999999999999
S.N.N.P.R,Sorghum,2016,105741.73,215746590.0,2040.0,0.3989388455271775,0.4284612860859368,21.985514018691585,800.9000000000001
S.N.N.P.R,Millet,2016,3781.22,5273914.0,1395.0,0.3989388455271775,0.4284612860859368,22.028415300546445,600.0999999999999
S.N.N.P.R,Oats,2016,258.42,0.0,0.0,0.3989388455271775,0.4284612860859368,22.028415300546445,600.0999999999999
S.N.N.P.R,Teff,2017,246099.24,341254766.0,1387.0,0.5808671069763781,0.5808412397216711,20.97049180327869,1001.2000000000002
S.N.N.P.R,Barely,2017,84037.3,151506493.0,1803.0,0.5808671069763781,0.5808412397216711,20.97049180327869,1001.2000000000002
S.N.N.P.R,Wheat,2017,127211.62,328759190.0,2584.0,0.5808671069763781,0.5808412397216711,20.97049180327869,1001.2000000000002
S.N.N.P.R,Sorghum,2017,97489.29,216894203.0,2225.0,0.5808671069763781,0.5808412397216711,21.070560747663553,1321.5
S.N.N.P.R,Millet,2017,3626.67,5646942.0,1557.0,0.5808671069763781,0.5808412397216711,20.97049180327869,1001.2000000000002
S.N.N.P.R,Teff,2018,248124.17,370414919.0,1493.0,0.45607619085913287,0.45607554633370123,20.871584699453553,847.0999999999999
S.N.N.P.R,Barely,2018,81161.32,154504718.0,1904.0,0.45607619085913287,0.45607554633370123,20.871584699453553,847.0999999999999
S.N.N.P.R,Wheat,2018,127246.59,339195951.0,2606.0,0.45607619085913287,0.45607554633370123,20.871584699453553,847.0999999999999
S.N.N.P.R,Sorghum,2018,112193.73,285264082.0,2543.0,0.45607619085913287,0.45607554633370123,20.92710280373832,1137.3
S.N.N.P.R,Millet,2018,4485.63,7205019.0,1606.0,0.45607619085913287,0.45607554633370123,20.871584699453553,847.0999999999999
S.N.N.P.R,Oats,2018,337.6,501864.0,1487.0,0.45607619085913287,0.45607554633370123,20.871584699453553,847.0999999999999
S.N.N.P.R,Teff,2019,236532.28,350828648.0,1483.0,0.4486146327419482,0.5923499339218711,20.99672131147541,1133.4
S.N.N.P.R,Barely,2019,93643.58,181893969.0,1942.0,0.4486146327419482,0.5923499339218711,20.99672131147541,1133.4
S.N.N.P.R,Wheat,2019,151583.2,402857455.0,2658.0,0.4486146327419482,0.5923499339218711,20.99672131147541,1133.4
S.N.N.P.R,Maize,2019,320078.03,1257581630.0,3929.0,0.4556399633456452,0.5923499339218711,21.05217391304348,1272.2
S.N.N.P.R,Sorghum,2019,102872.44,268432922.0,2609.0,0.4548236275222377,0.5923499339218711,21.152803738317758,1404.2000000000003
S.N.N.P.R,Millet,2019,9670.25,15381202.0,1591.0,0.4486146327419482,0.5923499339218711,20.99672131147541,1133.4
S.N.N.P.R,Oats,2019,368.68,538295.0,1460.0,0.4486146327419482,0.5923499339218711,20.99672131147541,1133.4
S.N.N.P.R,Teff,2020,243613.39,383757706.0,1575.0,0.4202169062399835,0.6054316707165031,20.8,1092.5
S.N.N.P.R,Barely,2020,89967.31,175567149.0,1951.0,0.4202169062399835,0.6054316707165031,20.8,1092.5
S.N.N.P.R,Wheat,2020,145106.35,400771950.0,2762.0,0.4202169062399835,0.6054316707165031,20.8,1092.5
S.N.N.P.R,Maize,2020,356365.9,1492438859.0,4188.0,0.40948138353761154,0.6162216650624145,20.83695652173913,1353.7000000000003
S.N.N.P.R,Sorghum,2020,102785.55,284099694.0,2764.0,0.4026828187061882,0.6162216650624145,20.929906542056074,1404.8000000000002
S.N.N.P.R,Millet,2020,10901.17,17550375.0,1610.0,0.4202169062399835,0.6054316707165031,20.8,1092.5
S.N.N.P.R,Teff,2021,234350.83,374427961.0,1598.0,0.42275998908026424,0.6367405217972921,21.30928961748634,745.5
S.N.N.P.R,Barely,2021,75440.14,183737285.0,2436.0,0.42275998908026424,0.6367405217972921,21.30928961748634,745.5
S.N.N.P.R,Wheat,2021,147640.62,431681366.0,2924.0,0.42275998908026424,0.6367405217972921,21.30928961748634,745.5
S.N.N.P.R,Maize,2021,313799.28,1307399393.0,4166.0,0.41407646695829176,0.6367405217972921,21.159782608695654,910.3000000000001
S.N.N.P.R,Sorghum,2021,62926.09,161787868.0,2571.0,0.40955582421254033,0.6367405217972921,21.376635514018695,939.6000000000001
S.N.N.P.R,Millet,2021,9362.3,22601497.0,2414.0,0.42275998908026424,0.6367405217972921,21.30928961748634,745.5
S.N.N.P.R,Oats,2021,300.75,488326.0,1624.0,0.42275998908026424,0.6367405217972921,21.30928961748634,745.5
S.N.N.P.R,Teff,2022,211639.3,328840228.0,1554.0,0.4335302891940868,0.6251260362696797,20.872677595628417,995.1
S.N.N.P.R,Barely,2022,70837.95,166442165.0,2350.0,0.4335302891940868,0.6251260362696797,20.872677595628417,995.1
S.N.N.P.R,Wheat,2022,142738.62,409266109.0,2867.0,0.4335302891940868,0.6251260362696797,20.872677595628417,995.1
S.N.N.P.R,Maize,2022,348216.59,1389362156.0,3990.0,0.3888234614222612,0.6251260362696797,21.015760869565216,1031.1
S.N.N.P.R,Sorghum,2022,79129.69,197616957.0,2497.0,0.4130391074709717,0.6251260362696797,21.099999999999998,1079.5
S.N.N.P.R,Millet,2022,9157.31,21567919.0,2355.0,0.4335302891940868,0.6251260362696797,20.872677595628417,995.1
S.N.N.P.R,Oats,2022,98.41,143726.0,1460.0,0.4335302891940868,0.6251260362696797,20.872677595628417,995.1
Gambela,Sorghum,2015,3050.36,7228069.0,2370.0,0.4904916659618168,0.5311384187276555,27.317289719626174,634.7
Gambela,Sorghum,2016,2598.59,4087252.0,1573.0,0.41906710001293335,0.47833655390862434,27.585981308411213,466.49999999999994
Gambela,Maize,2017,4061.5,9144938.0,2252.0,0.6833490492637193,0.6834076343663077,26.396195652173912,650.1
Gambela,Sorghum,2017,2846.94,6168695.0,2167.0,0.617262677911627,0.6834076343663077,26.693457943925235,662.0
Gambela,Maize,2018,4751.79,12582755.0,2648.0,0.668071960774635,0.6681314511577335,27.089130434782607,468.1
Gambela,Sorghum,2018,1704.1,3792999.0,2226.0,0.5726912687344595,0.6681314511577335,27.483177570093456,478.6000000000001
Gambela,Maize,2019,4040.25,10785938.0,2670.0,0.47562755019427566,0.7074720492782606,26.019021739130434,726.4000000000001
Gambela,Sorghum,2019,3359.38,7322414.0,2180.0,0.49463701531407267,0.7074720492782606,26.066355140186914,768.8000000000001
Gambela,Maize,2021,4831.46,11639114.0,2409.0,0.4595514260238885,0.7125615539300049,26.410326086956523,488.7
Gambela,Sorghum,2021,3254.18,3989843.0,1226.0,0.4389101897735165,0.7125615539300049,26.76822429906542,491.5
Gambela,Maize,2022,5158.0,23354502.0,4528.0,0.48992294942112347,0.7026500678263192,25.785326086956523,694.4
Gambela,Sorghum,2022,4706.0,5681329.0,1207.0,0.48997284407030006,0.7026500678263192,26.037383177570092,706.3000000000001
Harari,Barely,2015,27.48,0.0,0.0,0.43558813837852417,0.43560795297437377,19.397814207650274,266.0
Harari,Sorghum,2015,7304.98,13368997.0,1830.0,0.43558813837852417,0.43560795297437377,19.370560747663546,397.1
Harari,Maize,2016,1265.83,2100281.0,1659.0,0.5147420391058478,0.5401698989041122,18.755434782608695,384.6
Harari,Sorghum,2016,7496.5,12206534.0,1628.0,0.5147420391058478,0.5401698989041122,18.741121495327103,414.7
Harari,Maize,2017,1407.76,3340244.0,2373.0,0.4346685831872645,0.5687617567981009,18.811956521739127,332.0
Harari,Sorghum,2017,7151.79,13052730.0,1825.0,0.432424287749565,0.5687617567981009,18.714953271028037,341.2
Harari,Maize,2018,1397.66,3382752.0,2420.0,0.49619265793655415,0.5460639306049989,18.036956521739132,459.20000000000005
Harari,Sorghum,2018,7316.23,13837675.0,1891.0,0.4843816612048913,0.5460639306049989,17.982242990654203,497.0
Harari,Wheat,2019,38.07,51437.0,1351.0,0.2730959923862424,0.5764926031870621,17.990163934426228,655.5
Harari,Maize,2019,1154.09,2500033.0,2166.0,0.23169448393998512,0.5764926031870621,18.27608695652174,772.3
Harari,Sorghum,2019,7991.36,14059021.0,1759.0,0.26480962575460065,0.5764926031870621,18.182710280373833,831.0999999999999
Harari,Wheat,2020,101.07,154222.0,1526.0,0.2554953327189672,0.5127877943009286,17.950819672131146,693.6999999999999
Harari,Maize,2020,1712.35,3963292.0,2315.0,0.2346831599909236,0.5127877943009286,18.105978260869566,779.0999999999999
Harari,Sorghum,2020,7942.01,16342561.0,2058.0,0.2612888828045056,0.5127877943009286,18.115420560747665,816.1
Harari,Maize,2021,1315.09,3096809.0,2355.0,0.27271165408075115,0.5624804653699724,18.182608695652174,691.5
Harari,Sorghum,2021,8305.19,16844948.0,2028.0,0.29937781234262784,0.5624804653699724,18.270093457943926,695.0
Harari,Barely,2022,21.0,11970.0,570.0,0.2809780793700518,0.5643989942525431,18.37540983606557,288.4
Harari,Wheat,2022,246.0,376766.0,1528.0,0.2809780793700518,0.5643989942525431,18.37540983606557,288.4
Harari,Maize,2022,1802.0,5610311.0,3112.0,0.2805495922442857,0.5643989942525431,18.755978260869565,296.40000000000003
Harari,Sorghum,2022,6828.0,15076446.0,2208.0,0.29501133557868875,0.5643989942525431,18.729439252336444,304.0
DIRE DAWA,Sorghum,2015,9923.91,19479552.0,1963.0,0.19092640377457185,0.19062180362986972,25.66355140186916,332.5
DIRE DAWA,Maize,2016,294.22,416183.0,1415.0,0.22768533712257757,0.24321799981212489,24.936956521739127,456.3
DIRE DAWA,Sorghum,2016,9498.11,11238573.0,1183.0,0.22768533712257757,0.24321799981212489,24.5285046728972,519.4
DIRE DAWA,Maize,2017,240.02,499129.0,2080.0,0.238069106997469,0.29582013727875806,26.12119565217391,138.7
DIRE DAWA,Sorghum,2017,10507.78,20889029.0,1988.0,0.22902502649998624,0.29582013727875806,25.735514018691585,139.6
DIRE DAWA,Maize,2018,304.17,629635.0,2070.0,0.24459085488986984,0.2678427188388266,25.68913043478261,195.0
DIRE DAWA,Sorghum,2018,10820.72,20879988.0,1930.0,0.24533529394957385,0.2678427188388266,25.284112149532707,216.9
DIRE DAWA,Maize,2019,204.4,275387.0,1347.0,0.24671940397310796,0.3296560857870107,25.29565217391304,292.70000000000005
DIRE DAWA,Sorghum,2019,10914.71,17128287.0,1569.0,0.24908757864103895,0.3296560857870107,24.973831775700933,384.4
DIRE DAWA,Maize,2020,282.34,397247.0,1407.0,0.26482979799355677,0.3536815556704584,25.630434782608695,224.0
DIRE DAWA,Sorghum,2020,11126.18,22143704.0,1990.0,0.2575179514236421,0.3536815556704584,25.304672897196262,248.39999999999998
DIRE DAWA,Maize,2021,250.86,380477.0,1517.0,0.2569972306423973,0.3264803860466364,25.409239130434777,238.2
DIRE DAWA,Sorghum,2021,11241.97,11611922.0,1033.0,0.2580290732407086,0.3264803860466364,25.185981308411215,245.2
DIRE DAWA,Maize,2022,725.0,1353733.0,1865.0,0.23236463452875328,0.3457886160094658,26.051086956521736,173.10000000000002
DIRE DAWA,Sorghum,2022,9117.0,9381999.0,1029.0,0.2311042594853105,0.3457886160094658,25.620560747663546,198.09999999999997
