Region,crop type,Year, Area cultivated(Ha),Production(kg),Yeild (kg/ha)
Tigray,Teff,1996,87880,60827000,692
Tigray,Barely,1996,87350,81711000,935
Tigray,Wheat,1996,84550,84653000,1001
Tigray,Maize,1996,45050,67963000,1509
Tigray,Sorghum,1996,96140,172968000,1799
Tigray,Millet,1996,35780,24570000,687
Tigray,Oats,1996,,0,0
Tigray,Teff,1997,99500,77735000,781
Tigray,Barely,1997,55540,57987000,1044
Tigray,Wheat,1997,55360,55938000,1010
Tigray,Maize,1997,41740,82755000,1983
Tigray,Sorghum,1997,141190,234032000,1658
Tigray,Millet,1997,55430,54309000,980
Tigray,Oats,1997,,0,0
Tigray,Teff,1998,119340,69977000,586
Tigray,Barely,1998,52930,41914000,792
Tigray,Wheat,1998,42040,35324000,840
Tigray,Maize,1998,61560,95365000,1549
Tigray,Sorghum,1998,124330,126829000,1020
Tigray,Millet,1998,68090,58996000,866
Tigray,Oats,1998,,0,0
Tigray,Teff,1999,140830,113008000,802
Tigray,Barely,1999,78400,84442000,1077
Tigray,Wheat,1999,54940,57752000,1051
Tigray,Maize,1999,69870,131798000,1886
Tigray,Sorghum,1999,108690,145627000,1340
Tigray,Millet,1999,,75158000,0
Tigray,Oats,1999,460,0,0
Tigray,Teff,2000,126440,115440000,913
Tigray,Barely,2000,77900,81273000,1043
Tigray,Wheat,2000,70570,72074000,1021
Tigray,Maize,2000,75550,134492000,1780
Tigray,Sorghum,2000,81570,104165000,1277
Tigray,Millet,2000,57210,58095000,1015
Tigray,Oats,2000,,0,0
Tigray,Teff,2001,141010,104801000,743
Tigray,Barely,2001,65360,57253000,876
Tigray,Wheat,2001,73320,68180000,930
Tigray,Maize,2001,55680,86059000,1546
Tigray,Sorghum,2001,134360,171080000,1273
Tigray,Millet,2001,65090,61811000,950
Tigray,Oats,2001,,0,0
Tigray,Teff,2002,124698.64,102850035,825
Tigray,Barely,2002,53237.55,58908878,1107
Tigray,Wheat,2002,63215.93,74480182,1178
Tigray,Maize,2002,52217.67,89497201,1714
Tigray,Sorghum,2002,114058.73,192349234,1686
Tigray,Millet,2002,54693.25,58577450,1071
Tigray,Oats,2002,404.09,315376,780
Tigray,Teff,2004,136740,104756500,766
Tigray,Barely,2004,76521,82077000,1073
Tigray,Wheat,2004,74466,86668600,1164
Tigray,Maize,2004,43622,63784300,1462
Tigray,Sorghum,2004,128927,194205000,1506
Tigray,Millet,2004,51709,54081000,1046
Tigray,Oats,2004,,0,0
Tigray,Teff,2005,137360,88176500,642
Tigray,Barely,2005,95453,77779500,815
Tigray,Wheat,2005,87785,85900500,979
Tigray,Maize,2005,47200,53918300,1142
Tigray,Sorghum,2005,142038,183866700,1294
Tigray,Millet,2005,55595,45147600,812
Tigray,Oats,2005,,0,0
Tigray,Teff,2006,138346.23,124421256,899
Tigray,Barely,2006,79107.68,87747333,1109
Tigray,Wheat,2006,76775.57,100698481,1312
Tigray,Maize,2006,46192.02,293483263,1739
Tigray,Sorghum,2006,184010.83,69563027,1595
Tigray,Millet,2006,60736.95,567289,1145
Tigray,Oats,2006,677.77,567289,837
Tigray,Teff,2007,160740.57,157359904,979
Tigray,Barely,2007,101575.87,121058747,1192
Tigray,Wheat,2007,100140.38,148062729,1479
Tigray,Maize,2007,58613.21,102667972,1752
Tigray,Sorghum,2007,207488.92,334506297,1612
Tigray,Millet,2007,75978.09,97056673,1277
Tigray,Oats,2007,,576380,0
Tigray,Teff,2008,178742.14,228303114,1277
Tigray,Barely,2008,114923.43,156680340,1363
Tigray,Wheat,2008,103956.9,147749567,1421
Tigray,Maize,2008,63265.83,94239653,1490
Tigray,Sorghum,2008,170504.48,270916987,1589
Tigray,Millet,2008,77848.4,104191123,1338
Tigray,Oats,2008,,0,0
Tigray,Teff,2009,183376.2,232760780,1269
Tigray,Barely,2009,97460.26,147775370,1516
Tigray,Wheat,2009,101092.5,138719280,1372
Tigray,Maize,2009,64275.12,111607170,1736
Tigray,Sorghum,2009,180027.8,305566660,1697
Tigray,Millet,2009,7978.41,104199090,1306
Tigray,Oats,2009,,0,0
Tigray,Teff,2010,187858.61,203999398,1086
Tigray,Barely,2010,106787.74,144049611,1349
Tigray,Wheat,2010,113595.76,177164359,1560
Tigray,Maize,2010,64649.07,82229813,1272
Tigray,Sorghum,2010,155420.96,280858700,1807
Tigray,Millet,2010,64612.04,74160596,1148
Tigray,Oats,2010,,0,0
Tigray,Teff,2011,165803.79,209506676,1264
Tigray,Barely,2011,90648.61,163385776,1802
Tigray,Wheat,2011,100175.69,192507914,1922
Tigray,Maize,2011,62857.22,149852718,2384
Tigray,Sorghum,2011,216878.62,466394047,2150
Tigray,Millet,2011,76065.32,124103018,1632
Tigray,Oats,2011,,0,0
Tigray,Teff,2012,152740.04,193845690,1269
Tigray,Barely,2012,99453.31,164003891,1649
Tigray,Wheat,2012,105308.56,200169578,1901
Tigray,Maize,2012,64803.39,153610800,2370
Tigray,Sorghum,2012,215142.84,473678177,2202
Tigray,Millet,2012,76654.62,133789707,1745
Tigray,Oats,2012,,0,0
Tigray,Teff,2013,161798.11,212223454,1312
Tigray,Barely,2013,98162.52,158810944,1618
Tigray,Wheat,2013,111846.34,205272449,1835
Tigray,Maize,2013,69026.2,161159543,2335
Tigray,Sorghum,2013,208390.45,505138377,2424
Tigray,Millet,2013,78663.67,139174988,1769
Tigray,Oats,2013,,0,0
Tigray,Teff,2014,185337.29,246551795,1330
Tigray,Barely,2014,96577.17,160265852,1659
Tigray,Wheat,2014,112818.67,205033333,1817
Tigray,Maize,2014,65201.64,148599268,2279
Tigray,Sorghum,2014,215111.82,546322532,2540
Tigray,Millet,2014,82129.65,156317271,1903
Tigray,Oats,2014,,0,0
Tigray,Teff,2015,184848.49,263601790,1426
Tigray,Barely,2015,99052.22,169542113,1712
Tigray,Wheat,2015,108865.39,203459405,1869
Tigray,Maize,2015,64197.01,159149435,2479
Tigray,Sorghum,2015,224367.43,610662690,2722
Tigray,Millet,2015,83131.78,187564271,2256
Tigray,Oats,2015,,0,0
Tigray,Teff,2016,162782.72,189825933,1166
Tigray,Barely,2016,99423.28,157174532,1581
Tigray,Wheat,2016,102847.97,176096635,1712
Tigray,Maize,2016,62640,137908952,2202
Tigray,Sorghum,2016,239371.58,624644832,2610
Tigray,Millet,2016,84280.34,150614872,1787
Tigray,Oats,2016,,0,0
Tigray,Teff,2017,167584.33,241011677,1438
Tigray,Barely,2017,95462.96,169572540,1776
Tigray,Wheat,2017,107724.17,212867257,1976
Tigray,Maize,2017,66451.95,169801363,2555
Tigray,Sorghum,2017,253757.11,712005432,2806
Tigray,Millet,2017,86613.23,196044168,2263
Tigray,Oats,2017,,0,0
Tigray,Teff,2018,167748.72,257906058,1537
Tigray,Barely,2018,94725.02,169417980,1789
Tigray,Wheat,2018,107929.86,214003144,1983
Tigray,Maize,2018,62161.78,159056125,2559
Tigray,Sorghum,2018,254655.92,726271779,2852
Tigray,Millet,2018,82021.79,185826511,2266
Tigray,Oats,2018,,0,0
Tigray,Teff,2019,176545.98,283833741,1608
Tigray,Barely,2019,91579.93,168685384,1842
Tigray,Wheat,2019,119580.03,251411295,2102
Tigray,Maize,2019,67675.62,173597203,2565
Tigray,Sorghum,2019,242716.17,709250941,2922
Tigray,Millet,2019,85575.12,205423561,2401
Tigray,Oats,2019,203.83,408743,2005
Tigray,Teff,2020,166718.86,279081158,1674
Tigray,Barely,2020,94845.64,176359549,1859
Tigray,Wheat,2020,121471.1,259339841,2135
Tigray,Maize,2020,69865.24,188645136,2700
Tigray,Sorghum,2020,239044.72,720625344,3015
Tigray,Millet,2020,84868.47,213906149,2520
Tigray,Oats,2020,,0,0
Tigray,Teff,2021,188391.88,311753877,1655
Tigray,Barely,2021,85431.88,160688813,1881
Tigray,Wheat,2021,102258.28,223907183,2190
Tigray,Maize,2021,80151.64,246465394,3075
Tigray,Sorghum,2021,232636.49,700856077,3013
Tigray,Millet,2021,9199.73,215725616,2392
Tigray,Oats,2021,,0,0
Tigray,Teff,2022,,0,0
Tigray,Barely,2022,,0,0
Tigray,Wheat,2022,,0,0
Tigray,Maize,2022,,0,0
Tigray,Sorghum,2022,,0,0
Tigray,Millet,2022,,0,0
Tigray,Oats,2022,,0,0
Afar,Teff,1996,4820,3331000,691
Afar,Barely,1996,,0,0
Afar,Wheat,1996,,0,0
Afar,Maize,1996,4500,3636000,808
Afar,Sorghum,1996,13160,11564000,879
Afar,Millet,1996,,0,0
Afar,Oats,1996,,0,0
Afar,Teff,1997,,0,0
Afar,Barely,1997,,0,0
Afar,Wheat,1997,,0,0
Afar,Maize,1997,1470,1360000,925
Afar,Sorghum,1997,19860,0,0
Afar,Millet,1997,,0,0
Afar,Oats,1997,,0,0
Afar,Teff,1998,4660,2199000,472
Afar,Barely,1998,,0,0
Afar,Wheat,1998,,0,0
Afar,Maize,1998,5260,5934000,1128
Afar,Sorghum,1998,4310,2775000,644
Afar,Millet,1998,,0,0
Afar,Oats,1998,,0,0
Afar,Teff,1999,,5080000,2769
Afar,Barely,1999,,0,0
Afar,Wheat,1999,,0,0
Afar,Maize,1999,3390,5754000,3136
Afar,Sorghum,1999,,6434000,3507
Afar,Millet,1999,,0,0
Afar,Oats,1999,,0,0
Afar,Teff,2000,6610,5887000,891
Afar,Barely,2000,,0,0
Afar,Wheat,2000,,0,0
Afar,Maize,2000,6390,12190000,1908
Afar,Sorghum,2000,4310,5290000,1227
Afar,Millet,2000,,0,0
Afar,Oats,2000,,0,0
Afar,Teff,2001,8260,0,0
Afar,Barely,2001,,0,0
Afar,Wheat,2001,,0,0
Afar,Maize,2001,6750,7295000,1081
Afar,Sorghum,2001,11250,0,0
Afar,Millet,2001,,0,0
Afar,Oats,2001,,0,0
Afar,Teff,2002,694.64,343315,494
Afar,Barely,2002,21.41,15983,747
Afar,Wheat,2002,50.16,19431,387
Afar,Maize,2002,6100.41,6051564,992
Afar,Sorghum,2002,1404.78,1094059,779
Afar,Millet,2002,,0,0
Afar,Oats,2002,,0,0
Afar,Teff,2004,1516,1017700,671
Afar,Barely,2004,,0,0
Afar,Wheat,2004,,0,0
Afar,Maize,2004,7826,21282200,2719
Afar,Sorghum,2004,3045,2863500,940
Afar,Millet,2004,,0,0
Afar,Oats,2004,,0,0
Afar,Teff,2005,1729,819400,474
Afar,Barely,2005,59,20300,343
Afar,Wheat,2005,,0,0
Afar,Maize,2005,6863,13131100,1913
Afar,Sorghum,2005,1725,1077900,625
Afar,Millet,2005,,0,0
Afar,Oats,2005,,0,0
Afar,Teff,2006,1784.32,817683,458
Afar,Barely,2006,501.93,22697,45
Afar,Wheat,2006,29.62,14534,491
Afar,Maize,2006,12776.38,34727756,2718
Afar,Sorghum,2006,2265.28,1451898,641
Afar,Millet,2006,,0,0
Afar,Oats,2006,,0,0
Afar,Teff,2007,2492.71,1489995,598
Afar,Barely,2007,,0,0
Afar,Wheat,2007,,0,0
Afar,Maize,2007,13221,49061022,3711
Afar,Sorghum,2007,1551.95,772190,498
Afar,Millet,2007,,0,0
Afar,Oats,2007,,0,0
Afar,Teff,2008,,0,0
Afar,Barely,2008,,0,0
Afar,Wheat,2008,,0,0
Afar,Maize,2008,12535.16,36059537,2877
Afar,Sorghum,2008,,2068315,0
Afar,Millet,2008,,0,0
Afar,Oats,2008,,0,0
Afar,Teff,2009,,0,0
Afar,Barely,2009,,0,0
Afar,Wheat,2009,,0,0
Afar,Maize,2009,13166.81,37351425,2837
Afar,Sorghum,2009,,0,0
Afar,Millet,2009,,0,0
Afar,Oats,2009,,0,0
Afar,Teff,2010,,0,0
Afar,Barely,2010,,0,0
Afar,Wheat,2010,,0,0
Afar,Maize,2010,3498.58,12896404,3686
Afar,Sorghum,2010,578.4,783490,1355
Afar,Millet,2010,,0,0
Afar,Oats,2010,,0,0
Afar,Teff,2011,,0,0
Afar,Barely,2011,,0,0
Afar,Wheat,2011,,0,0
Afar,Maize,2011,,0,0
Afar,Sorghum,2011,2700.93,4643750,1719
Afar,Millet,2011,,0,0
Afar,Oats,2011,,0,0
Afar,Teff,2012,,0,0
Afar,Barely,2012,,0,0
Afar,Wheat,2012,,0,0
Afar,Maize,2012,4333.21,14049806,3242
Afar,Sorghum,2012,,0,0
Afar,Millet,2012,,0,0
Afar,Oats,2012,,0,0
Afar,Teff,2013,,0,0
Afar,Barely,2013,,0,0
Afar,Wheat,2013,,0,0
Afar,Maize,2013,3346.35,18848263,5632
Afar,Sorghum,2013,,0,0
Afar,Millet,2013,,0,0
Afar,Oats,2013,,0,0
Afar,Teff,2014,,0,0
Afar,Barely,2014,,0,0
Afar,Wheat,2014,,0,0
Afar,Maize,2014,4723.91,17223347,3646
Afar,Sorghum,2014,,0,0
Afar,Millet,2014,,0,0
Afar,Oats,2014,,0,0
Afar,Teff,2015,,0,0
Afar,Barely,2015,,0,0
Afar,Wheat,2015,,0,0
Afar,Maize,2015,,0,0
Afar,Sorghum,2015,,0,0
Afar,Millet,2015,,0,0
Afar,Oats,2015,,0,0
Afar,Teff,2016,,0,0
Afar,Barely,2016,,0,0
Afar,Wheat,2016,,0,0
Afar,Maize,2016,2330.86,5639678,2420
Afar,Sorghum,2016,,0,0
Afar,Millet,2016,,0,0
Afar,Oats,2016,,0,0
Afar,Teff,2017,,0,0
Afar,Barely,2017,,0,0
Afar,Wheat,2017,,0,0
Afar,Maize,2017,4664.83,13553348,2905
Afar,Sorghum,2017,1555.78,3338260,2146
Afar,Millet,2017,,0,0
Afar,Oats,2017,,0,0
Afar,Teff,2018,,0,0
Afar,Barely,2018,,0,0
Afar,Wheat,2018,,0,0
Afar,Maize,2018,4308.23,13800912,3203
Afar,Sorghum,2018,,0,0
Afar,Millet,2018,,0,0
Afar,Oats,2018,,0,0
Afar,Teff,2019,,0,0
Afar,Barely,2019,,0,0
Afar,Wheat,2019,,0,0
Afar,Maize,2019,4308.23,13800912,3203
Afar,Sorghum,2019,,0,0
Afar,Millet,2019,,0,0
Afar,Oats,2019,,0,0
Afar,Teff,2020,,0,0
Afar,Barely,2020,,0,0
Afar,Wheat,2020,,0,0
Afar,Maize,2020,,0,0
Afar,Sorghum,2020,,0,0
Afar,Millet,2020,,0,0
Afar,Oats,2020,,0,0
Afar,Teff,2021,,0,0
Afar,Barely,2021,,0,0
Afar,Wheat,2021,,0,0
Afar,Maize,2021,2933.27,2684522,915
Afar,Sorghum,2021,2333.36,2987401,1280
Afar,Millet,2021,,0,0
Afar,Oats,2021,,0,0
Afar,Teff,2022,1453,0,0
Afar,Barely,2022,,0,0
Afar,Wheat,2022,,0,0
Afar,Maize,2022,4651,3604169,775
Afar,Sorghum,2022,2501,1199761,480
Afar,Millet,2022,,0,0
Afar,Oats,2022,,0,0
Amhara,Teff,1996,882280,693081000,786
Amhara,Barely,1996,295850,250946000,848
Amhara,Wheat,1996,259460,231402000,892
Amhara,Maize,1996,289690,566729000,1956
Amhara,Sorghum,1996,471890,567886000,1203
Amhara,Millet,1996,173190,159982000,924
Amhara,Oats,1996,7990,7397000,926
Amhara,Teff,1997,903190,75076000,837
Amhara,Barely,1997,244010,233731000,958
Amhara,Wheat,1997,212020,207188000,977
Amhara,Maize,1997,316250,530125000,1670
Amhara,Sorghum,1997,26220,802120000,1281
Amhara,Millet,1997,176490,190105000,1077
Amhara,Oats,1997,9230,7289000,790
Amhara,Teff,1998,744400,518998000,697
Amhara,Barely,1998,220710,211264000,957
Amhara,Wheat,1998,185780,208515000,1122
Amhara,Maize,1998,236830,377289000,1593
Amhara,Sorghum,1998,352600,359035000,1018
Amhara,Millet,1998,159360,142966000,897
Amhara,Oats,1998,8020,6883000,858
Amhara,Teff,1999,884680,738079000,834
Amhara,Barely,1999,262620,202476000,771
Amhara,Wheat,1999,244900,246588000,1007
Amhara,Maize,1999,305410,528471000,1730
Amhara,Sorghum,1999,414080,506189000,1222
Amhara,Millet,1999,273810,218018000,796
Amhara,Oats,1999,,8235000,0
Amhara,Teff,2000,90150,731436000,807
Amhara,Barely,2000,268160,199747000,745
Amhara,Wheat,2000,314190,327110000,1041
Amhara,Maize,2000,309410,524905000,1696
Amhara,Sorghum,2000,356850,36944000,1037
Amhara,Millet,2000,202470,165793000,819
Amhara,Oats,2000,11460,9663000,843
Amhara,Teff,2001,949350,768536000,810
Amhara,Barely,2001,287870,248852000,864
Amhara,Wheat,2001,308300,322503000,1046
Amhara,Maize,2001,377760,648883000,1718
Amhara,Sorghum,2001,520870,570791000,1096
Amhara,Millet,2001,187850,178948000,953
Amhara,Oats,2001,12910,12873000,997
Amhara,Teff,2002,778202.03,697300240,896
Amhara,Barely,2002,274628.32,312728240,1139
Amhara,Wheat,2002,286246.58,353772633,1236
Amhara,Maize,2002,296356.11,637489581,2151
Amhara,Sorghum,2002,409473.2,522628511,1276
Amhara,Millet,2002,155526.83,167871762,1079
Amhara,Oats,2002,8996.12,9433917,1049
Amhara,Teff,2004,826443,730407700,884
Amhara,Barely,2004,357174,367108600,1028
Amhara,Wheat,2004,332645,414570000,1246
Amhara,Maize,2004,258195,464411500,1799
Amhara,Sorghum,2004,457450,603949400,1320
Amhara,Millet,2004,156868,155581100,992
Amhara,Oats,2004,8776,8386200,956
Amhara,Teff,2005,852307,813651400,955
Amhara,Barely,2005,375912,398965200,1061
Amhara,Wheat,2005,392722,569397100,1450
Amhara,Maize,2005,285242,497181600,1743
Amhara,Sorghum,2005,411949,566553200,1375
Amhara,Millet,2005,148002,149444000,1010
Amhara,Oats,2005,8496,10313600,1214
Amhara,Teff,2006,907057.42,865824040,955
Amhara,Barely,2006,318420.29,396468184,1245
Amhara,Wheat,2006,431486.33,607488794,1408
Amhara,Maize,2006,341083.52,725680151,2128
Amhara,Sorghum,2006,537623.62,851540211,1584
Amhara,Millet,2006,164648.78,184679530,1122
Amhara,Oats,2006,8300.75,7401725,892
Amhara,Teff,2007,939487.63,972006442,1035
Amhara,Barely,2007,351264.12,470231149,1339
Amhara,Wheat,2007,427719.81,681612665,1594
Amhara,Maize,2007,376937.07,868770131,2305
Amhara,Sorghum,2007,481218.82,789147685,1640
Amhara,Millet,2007,176884.86,217939155,1232
Amhara,Oats,2007,7657.62,7583392,990
Amhara,Teff,2008,1047084.74,1268568413,1212
Amhara,Barely,2008,330278.78,429937725,1302
Amhara,Wheat,2008,426814.6,621176897,1455
Amhara,Maize,2008,397481.38,921231338,2318
Amhara,Sorghum,2008,499133.91,790774634,1584
Amhara,Millet,2008,196114.7,265635882,1354
Amhara,Oats,2008,8116.94,8307228,1023
Amhara,Teff,2009,1003948,1238347400,1233
Amhara,Barely,2009,347719.9,486149800,1398
Amhara,Wheat,2009,434386.4,654502110,1507
Amhara,Maize,2009,396715.7,925964400,2334
Amhara,Sorghum,2009,547152.6,913119820,1669
Amhara,Millet,2009,195002.7,261777330,1342
Amhara,Oats,2009,7382.67,8220211,1113
Amhara,Teff,2010,1001028.47,1286056342,1285
Amhara,Barely,2010,387862.4,506768372,1307
Amhara,Wheat,2010,548315.25,896092731,1634
Amhara,Maize,2010,355508.17,801069399,2253
Amhara,Sorghum,2010,486467.74,792246070,1629
Amhara,Millet,2010,164321.16,249509251,1518
Amhara,Oats,2010,8742.51,12363949,1414
Amhara,Teff,2011,1014267.85,1279107703,1261
Amhara,Barely,2011,328268.73,430741554,1312
Amhara,Wheat,2011,498748.68,824860321,1654
Amhara,Maize,2011,472260.11,1214805420,2572
Amhara,Sorghum,2011,710731.78,1533586075,2158
Amhara,Millet,2011,216959.97,336000975,1549
Amhara,Oats,2011,5769.06,7340443,1272
Amhara,Teff,2012,1003380.97,1310280795,1306
Amhara,Barely,2012,303760.05,431557873,1421
Amhara,Wheat,2012,460164.57,769486730,1672
Amhara,Maize,2012,494625.08,1338702721,2706
Amhara,Sorghum,2012,733017.68,1432067373,1954
Amhara,Millet,2012,230613.94,353529558,1533
Amhara,Oats,2012,2534.32,3242602,1279
Amhara,Teff,2013,1090139.5,1528197733,1402
Amhara,Barely,2013,388113.19,590502822,1521
Amhara,Wheat,2013,498192.03,888568580,1784
Amhara,Maize,2013,434641.83,1262972851,2906
Amhara,Sorghum,2013,578276.4,1122766952,1942
Amhara,Millet,2013,226547.4,407643895,1799
Amhara,Oats,2013,3476.78,4294195,1235
Amhara,Teff,2014,1146730.12,1713797322,1495
Amhara,Barely,2014,373016.41,588766645,1578
Amhara,Wheat,2014,52948.64,1119991322,2115
Amhara,Maize,2014,474254.25,1598474987,3371
Amhara,Sorghum,2014,558827.95,1135011408,2031
Amhara,Millet,2014,236680.54,461839493,1951
Amhara,Oats,2014,4662.35,6096457,1308
Amhara,Teff,2015,1143115.98,1809367086,1583
Amhara,Barely,2015,362738.63,625622575,1725
Amhara,Wheat,2015,529609.63,1195823247,2225
Amhara,Maize,2015,513367.36,1837500847,3579
Amhara,Sorghum,2015,655671.97,1396664583,2130
Amhara,Millet,2015,242894.75,490200198,2018
Amhara,Oats,2015,4497.67,6070167,1350
Amhara,Teff,2016,1093135.22,1757022412,1607
Amhara,Barely,2016,323130.12,575904799,182
Amhara,Wheat,2016,545106.1,1221904309,2242
Amhara,Maize,2016,517210.23,1814326840,3508
Amhara,Sorghum,2016,644263.75,1366961233,2122
Amhara,Millet,2016,256064.53,54275220,2145
Amhara,Oats,2016,2872.6,3780234,1316
Amhara,Teff,2017,1137844.18,1932857365,1699
Amhara,Barely,2017,323655.73,608069113,1879
Amhara,Wheat,2017,554284.49,1319069113,2380
Amhara,Maize,2017,519495.71,1962937196,3780
Amhara,Sorghum,2017,670114.31,1640299423,2448
Amhara,Millet,2017,246666.06,557331121,2259
Amhara,Oats,2017,3002.02,4480834,1493
Amhara,Teff,2018,1138030.51,2039448271,1792
Amhara,Barely,2018,323936.38,639452375,1974
Amhara,Wheat,2018,554661.74,1404707481,2533
Amhara,Maize,2018,520116.84,2071865758,3983
Amhara,Sorghum,2018,672491.78,1781203242,2649
Amhara,Millet,2018,246522.71,560466508,2273
Amhara,Oats,2018,4094.8,6189357,1512
Amhara,Teff,2019,1200986.74,2161486185,1800
Amhara,Barely,2019,238164.36,481769434,2023
Amhara,Wheat,2019,570742.91,1482043379,2597
Amhara,Maize,2019,559981.55,2284448311,4080
Amhara,Sorghum,2019,643170,1704082052,2650
Amhara,Millet,2019,248292.4,571094996,2300
Amhara,Oats,2019,3055.08,4518212,1479
Amhara,Teff,2020,1201283.74,2258240600,1880
Amhara,Barely,2020,242470.69,492206224,2030
Amhara,Wheat,2020,575015.31,1558379990,2710
Amhara,Maize,2020,534007.8,2195880725,4112
Amhara,Sorghum,2020,688114.09,1883182338,2737
Amhara,Millet,2020,234632.36,570819330,2433
Amhara,Oats,2020,2469.16,3793179,1536
Amhara,Teff,2021,1086374.6,2096462906,1930
Amhara,Barely,2021,311401.39,728902314,2341
Amhara,Wheat,2021,641170.34,1815255660,2831
Amhara,Maize,2021,595085.89,2542469511,4272
Amhara,Sorghum,2021,597440.83,1588192136,2658
Amhara,Millet,2021,259903.48,660446344,2541
Amhara,Oats,2021,4561.04,6837950,1499
Amhara,Teff,2022,1177078.03,2254030137,1915
Amhara,Barely,2022,286865.38,646475641,2254
Amhara,Wheat,2022,689614.06,1922028970,2787
Amhara,Maize,2022,616502.44,2642188834,4286
Amhara,Sorghum,2022,576148.05,1529198053,2654
Amhara,Millet,2022,243448.48,632893061,2600
Amhara,Oats,2022,2933.05,4151348,1415
Oromiya,Teff,1996,941160,837751000,890
Oromiya,Barely,1996,384670,477066000,1240
Oromiya,Wheat,1996,469990,638548000,1359
Oromiya,Maize,1996,699620,1466028000,2095
Oromiya,Sorghum,1996,452110,731963000,1619
Oromiya,Millet,1996,49680,42524000,856
Oromiya,Oats,1996,36800,57662000,1567
Oromiya,Teff,1997,952670,952875000,1000
Oromiya,Barely,1997,343640,389282000,1133
Oromiya,Wheat,1997,431750,604331000,1400
Oromiya,Maize,1997,751840,154161000,2051
Oromiya,Sorghum,1997,426420,734956000,1724
Oromiya,Millet,1997,46700,41706000,893
Oromiya,Oats,1997,33900,40451000,1193
Oromiya,Teff,1998,729530,607224000,832
Oromiya,Barely,1998,352590,479665000,1360
Oromiya,Wheat,1998,486470,76080000,1564
Oromiya,Maize,1998,577570,1031438000,1786
Oromiya,Sorghum,1998,326700,412395000,1262
Oromiya,Millet,1998,45280,38333000,847
Oromiya,Oats,1998,31600,33998000,1076
Oromiya,Teff,1999,867800,674691000,777
Oromiya,Barely,1999,383450,385697000,1006
Oromiya,Wheat,1999,599140,711278000,1187
Oromiya,Maize,1999,702820,1377752000,1960
Oromiya,Sorghum,1999,351260,493269000,1404
Oromiya,Millet,1999,,57529000,0
Oromiya,Oats,1999,,30670000,0
Oromiya,Teff,2000,891830,742328000,832
Oromiya,Barely,2000,385760,398704000,1034
Oromiya,Wheat,2000,565920,733140000,1295
Oromiya,Maize,2000,747550,1443799000,1931
Oromiya,Sorghum,2000,368030,513295000,1395
Oromiya,Millet,2000,71800,64618000,900
Oromiya,Oats,2000,29650,32974000,1112
Oromiya,Teff,2001,887250,728059000,821
Oromiya,Barely,2001,397640,513246000,1291
Oromiya,Wheat,2001,642700,990501000,1541
Oromiya,Maize,2001,871250,1724724000,1980
Oromiya,Sorghum,2001,410420,536990000,1308
Oromiya,Millet,2001,63530,48582000,765
Oromiya,Oats,2001,27410,36350000,1326
Oromiya,Teff,2002,762119.72,71325116,936
Oromiya,Barely,2002,367426.19,477339538,1299
Oromiya,Wheat,2002,545923.45,859521736,1574
Oromiya,Maize,2002,729461.83,1660387424,2276
Oromiya,Sorghum,2002,437397.55,635585291,1453
Oromiya,Millet,2002,49335.52,54650128,1108
Oromiya,Oats,2002,19366.68,24358790,1258
Oromiya,Teff,2004,820135,704455500,859
Oromiya,Barely,2004,412329,549074700,1332
Oromiya,Wheat,2004,556354,912864500,1641
Oromiya,Maize,2004,786365,1551558100,1973
Oromiya,Sorghum,2004,500943,756626600,1510
Oromiya,Millet,2004,71966,67366900,936
Oromiya,Oats,2004,19998,29206100,1460
Oromiya,Teff,2005,918461,945087300,1029
Oromiya,Barely,2005,532141,747348200,1404
Oromiya,Wheat,2005,765528,1302828800,1702
Oromiya,Maize,2005,791686,1452647800,1835
Oromiya,Sorghum,2005,522499,794826600,1521
Oromiya,Millet,2005,84329,109302700,1296
Oromiya,Oats,2005,34807,45354900,1303
Oromiya,Teff,2006,985665.52,1022451976,1037
Oromiya,Barely,2006,514377.35,692957511,1347
Oromiya,Wheat,2006,816572.28,1317706079,1614
Oromiya,Maize,2006,858096.17,2031748429,2368
Oromiya,Sorghum,2006,542045.77,817642891,1508
Oromiya,Millet,2006,83577.5,114146524,1366
Oromiya,Oats,2006,34794.57,31798337,914
Oromiya,Teff,2007,1082756.17,1133591204,1047
Oromiya,Barely,2007,477231.31,659745867,1382
Oromiya,Wheat,2007,809195.61,1427286259,1764
Oromiya,Maize,2007,948732.18,2215804820,2336
Oromiya,Sorghum,2007,56344.65,945448494,1679
Oromiya,Millet,2007,92253.98,125298710,1358
Oromiya,Oats,2007,23921.43,27683287,1157
Oromiya,Teff,2008,11843.87,13571832,1146
Oromiya,Barely,2008,688.22,765155,1112
Oromiya,Wheat,2008,215.25,0,0
Oromiya,Maize,2008,5845.44,9917832,1697
Oromiya,Sorghum,2008,28288.56,47676122,1685
Oromiya,Millet,2008,,0,0
Oromiya,Oats,2008,,0,0
Oromiya,Teff,2009,1081501,1329265200,1229
Oromiya,Barely,2009,451955.5,724293850,1603
Oromiya,Wheat,2009,794835.8,1515266300,1906
Oromiya,Maize,2009,933712.5,2178331700,2333
Oromiya,Sorghum,2009,677092.3,1259841300,1847
Oromiya,Millet,2009,98040.65,138145490,1409
Oromiya,Oats,2009,21899.1,33696832,1539
Oromiya,Teff,2010,1182810.77,1436840508,1215
Oromiya,Barely,2010,542476.08,968563214,1785
Oromiya,Wheat,2010,857603.04,1678241527,1957
Oromiya,Maize,2010,1000055.87,2325533029,2325
Oromiya,Sorghum,2010,754878.14,1465676728,1942
Oromiya,Millet,2010,105610.88,147175413,1394
Oromiya,Oats,2010,14147.33,19355740,1368
Oromiya,Teff,2011,1289405.27,1671802531,1297
Oromiya,Barely,2011,513707.03,908545120,1769
Oromiya,Wheat,2011,815975.59,1583211946,1940
Oromiya,Maize,2011,1109276.03,2880545093,2597
Oromiya,Sorghum,2011,739361.26,1580545093,2138
Oromiya,Millet,2011,81808.99,127828081,1563
Oromiya,Oats,2011,24494.31,39462124,1611
Oromiya,Teff,2012,1293514.25,1676543275,1296
Oromiya,Barely,2012,460544.73,872051015,1894
Oromiya,Wheat,2012,740810.94,1675933968,2262
Oromiya,Maize,2012,1102256.2,3482899290,3160
Oromiya,Sorghum,2012,743379.32,1626737441,2188
Oromiya,Millet,2012,87061.51,118362722,1360
Oromiya,Oats,2012,27343.84,45043286,1647
Oromiya,Teff,2013,1256564.8,1753559651,1396
Oromiya,Barely,2013,448545.32,897741759,2001
Oromiya,Wheat,2013,872971.81,2026290010,2321
Oromiya,Maize,2013,1115957.4,3590845746,3218
Oromiya,Sorghum,2013,675657.31,1489815674,2205
Oromiya,Millet,2013,92306.89,153205962,1660
Oromiya,Oats,2013,21889.32,37806207,1727
Oromiya,Teff,2014,1397797.42,2104084217,1505
Oromiya,Barely,2014,471134.15,1023909187,2173
Oromiya,Wheat,2014,837000.48,2302851378,2751
Oromiya,Maize,2014,1083332.83,3595409042,3319
Oromiya,Sorghum,2014,669575.97,173920869,2500
Oromiya,Millet,2014,99867.65,18289921,1829
Oromiya,Oats,2014,29979.5,54504707,3393
Oromiya,Teff,2015,1427548.05,2325488216,1629
Oromiya,Barely,2015,456192.42,127532649,2252
Oromiya,Wheat,2015,875641.45,2470321041,2821
Oromiya,Maize,2015,1129849.71,3944110364,3491
Oromiya,Sorghum,2015,719399.7,1814671697,2522
Oromiya,Millet,2015,92804.53,183448648,1977
Oromiya,Oats,2015,22369.93,42990350,1922
Oromiya,Teff,2016,1369934.27,2215625767,1617
Oromiya,Barely,2016,439971.07,980086302,2228
Oromiya,Wheat,2016,872252.8,2459375144,2820
Oromiya,Maize,2016,1125747.85,3953859374,3512
Oromiya,Sorghum,2016,759954.42,1884630071,2480
Oromiya,Millet,2016,88929.61,183257842,2061
Oromiya,Oats,2016,18685.46,35777129,1915
Oromiya,Teff,2017,1441029.78,2473796379,1717
Oromiya,Barely,2017,454662.78,1093944813,2406
Oromiya,Wheat,2017,898455.57,2664024446,2965
Oromiya,Maize,2017,1142653.56,4362096931,3818
Oromiya,Sorghum,2017,739781.8,1916601228,2591
Oromiya,Millet,2017,89584.8,203588144,2273
Oromiya,Oats,2017,20656.17,44128318,2136
Oromiya,Teff,2018,1443847.96,2581457748,1788
Oromiya,Barely,2018,451279.26,1088487660,2412
Oromiya,Wheat,2018,898682.57,2669917773,2971
Oromiya,Maize,2018,1146899.78,4676744066,4078
Oromiya,Sorghum,2018,735263.79,2081066734,2830
Oromiya,Millet,2018,93831.88,219537397,2340
Oromiya,Oats,2018,21253.56,45913699,2160
Oromiya,Teff,2019,1431869.73,2562868888,1790
Oromiya,Barely,2019,386569.22,932507644,2412
Oromiya,Wheat,2019,897118,2685287615,2912
Oromiya,Maize,2019,1324274.98,5438311944,4107
Oromiya,Sorghum,2019,718966.58,2053163606,2856
Oromiya,Millet,2019,82044.16,201074320,2451
Oromiya,Oats,2019,11212.68,24678517,2201
Oromiya,Teff,2020,1512041.32,2845606691,1882
Oromiya,Barely,2020,372910.96,904786657,2426
Oromiya,Wheat,2020,897236.5,2800964857,3122
Oromiya,Maize,2020,1390841.48,5981665264,4301
Oromiya,Sorghum,2020,629724.86,1901752085,3020
Oromiya,Millet,2020,68782.2,171626108,2495
Oromiya,Oats,2020,8310.97,18329366,2205
Oromiya,Teff,2021,1393455.62,2690467012,1931
Oromiya,Barely,2021,440702.06,1231994795,2796
Oromiya,Wheat,2021,996364.4,3287749709,3300
Oromiya,Maize,2021,1371868.06,5888706426,4292
Oromiya,Sorghum,2021,676075,1836612661,2717
Oromiya,Millet,2021,97266.93,251563241,2586
Oromiya,Oats,2021,10582.3,23103277,2183
Oromiya,Teff,2022,1519814.74,2996758806,1972
Oromiya,Barely,2022,434183.48,1239939241,2856
Oromiya,Wheat,2022,1030582,3467385140,3364
Oromiya,Maize,2022,1464047.9,6190777070,4229
Oromiya,Sorghum,2022,612806.85,1664914738,2717
Oromiya,Millet,2022,90123.82,235107600,2609
Oromiya,Oats,2022,24498.96,54715830,2233
Somalia,Teff,1996,,0,0
Somalia,Barely,1996,4230,1728000,409
Somalia,Wheat,1996,5220,4498000,862
Somalia,Maize,1996,20550,19711000,959
Somalia,Sorghum,1996,29150,16322000,560
Somalia,Millet,1996,,0,0
Somalia,Oats,1996,,0,0
Somalia,Teff,1997,,0,0
Somalia,Barely,1997,4220,2573000,610
Somalia,Wheat,1997,3490,0,0
Somalia,Maize,1997,16360,14275000,873
Somalia,Sorghum,1997,24950,16796000,673
Somalia,Millet,1997,,0,0
Somalia,Oats,1997,130,0,0
Somalia,Teff,1998,,0,0
Somalia,Barely,1998,4190,1595000,381
Somalia,Wheat,1998,2470,1040000,421
Somalia,Maize,1998,22150,32401000,1463
Somalia,Sorghum,1998,20650,14136000,685
Somalia,Millet,1998,,0,0
Somalia,Oats,1998,,0,0
Somalia,Teff,1999,,0,0
Somalia,Barely,1999,,3014000,0
Somalia,Wheat,1999,,1195000,0
Somalia,Maize,1999,,14237000,0
Somalia,Sorghum,1999,,7234000,0
Somalia,Millet,1999,,0,0
Somalia,Oats,1999,,0,0
Somalia,Teff,2000,,0,0
Somalia,Barely,2000,3630,2419000,666
Somalia,Wheat,2000,1820,1209000,664
Somalia,Maize,2000,24230,10443000,431
Somalia,Sorghum,2000,16250,7702000,474
Somalia,Millet,2000,,0,0
Somalia,Oats,2000,,0,0
Somalia,Teff,2001,,0,0
Somalia,Barely,2001,3220,1946000,604
Somalia,Wheat,2001,3450,1968000,570
Somalia,Maize,2001,26570,19049000,717
Somalia,Sorghum,2001,24510,21283000,868
Somalia,Millet,2001,,0,0
Somalia,Oats,2001,150,0,0
Somalia,Teff,2002,,0,0
Somalia,Barely,2002,6511.81,5772128,886
Somalia,Wheat,2002,8353.8,10997345,1316
Somalia,Maize,2002,20846.55,26344726,1264
Somalia,Sorghum,2002,20824.36,27905426,1340
Somalia,Millet,2002,,0,0
Somalia,Oats,2002,432.63,395460,914
Somalia,Teff,2004,,0,0
Somalia,Barely,2004,4012,4192500,1045
Somalia,Wheat,2004,10128,11857300,1171
Somalia,Maize,2004,22046,11614500,527
Somalia,Sorghum,2004,31008,27036800,872
Somalia,Millet,2004,,0,0
Somalia,Oats,2004,470,632100,1345
Somalia,Teff,2005,,0,0
Somalia,Barely,2005,5706,3899200,683
Somalia,Wheat,2005,16030,15302300,955
Somalia,Maize,2005,25660,10361100,404
Somalia,Sorghum,2005,21994,13838900,629
Somalia,Millet,2005,,0,0
Somalia,Oats,2005,490,391600,799
Somalia,Teff,2006,8.78,0,0
Somalia,Barely,2006,2531.83,1124023,444
Somalia,Wheat,2006,9671.83,4716614,488
Somalia,Maize,2006,22965.34,13719892,597
Somalia,Sorghum,2006,30475.03,18001872,591
Somalia,Millet,2006,,0,0
Somalia,Oats,2006,258.29,80211,311
Somalia,Teff,2007,,0,0
Somalia,Barely,2007,3316.32,950019,286
Somalia,Wheat,2007,7965.66,3552099,446
Somalia,Maize,2007,37019.2,23627364,638
Somalia,Sorghum,2007,24414.92,14934682,612
Somalia,Millet,2007,,0,0
Somalia,Oats,2007,,0,0
Somalia,Teff,2008,,0,0
Somalia,Barely,2008,1748.27,1470734,841
Somalia,Wheat,2008,,0,0
Somalia,Maize,2008,36876.29,32593539,884
Somalia,Sorghum,2008,33992.75,34265951,1008
Somalia,Millet,2008,,0,0
Somalia,Oats,2008,,0,0
Somalia,Teff,2009,,0,0
Somalia,Barely,2009,,0,0
Somalia,Wheat,2009,7370.25,7976504,1082
Somalia,Maize,2009,39751.64,65388636,1645
Somalia,Sorghum,2009,21970.22,35494467,1616
Somalia,Millet,2009,,0,0
Somalia,Oats,2009,,0,0
Somalia,Teff,2010,,0,0
Somalia,Barely,2010,3015.79,1846049,612
Somalia,Wheat,2010,4364.13,7224497,1655
Somalia,Maize,2010,26998.54,44083170,1633
Somalia,Sorghum,2010,32704.78,57353549,1754
Somalia,Millet,2010,,0,0
Somalia,Oats,2010,,0,0
Somalia,Teff,2011,,0,0
Somalia,Barely,2011,,0,0
Somalia,Wheat,2011,4279.81,7336086,1714
Somalia,Maize,2011,28094.49,49264060,1754
Somalia,Sorghum,2011,34608.39,48380168,1398
Somalia,Millet,2011,,0,0
Somalia,Oats,2011,,0,0
Somalia,Teff,2012,,0,0
Somalia,Barely,2012,,0,0
Somalia,Wheat,2012,4130.51,9675557,2342
Somalia,Maize,2012,28934.09,75840758,2621
Somalia,Sorghum,2012,28368.93,75704284,2669
Somalia,Millet,2012,,0,0
Somalia,Oats,2012,,0,0
Somalia,Teff,2013,,0,0
Somalia,Barely,2013,,0,0
Somalia,Wheat,2013,4150.13,9278182,2236
Somalia,Maize,2013,28808.44,92029339,3195
Somalia,Sorghum,2013,31593.75,98061938,3104
Somalia,Millet,2013,,0,0
Somalia,Oats,2013,,0,0
Somalia,Teff,2014,,0,0
Somalia,Barely,2014,,0,0
Somalia,Wheat,2014,,0,0
Somalia,Maize,2014,30095.76,83716824,2782
Somalia,Sorghum,2014,30627.74,87994464,2873
Somalia,Millet,2014,,0,0
Somalia,Oats,2014,,0,0
Somalia,Teff,2015,,0,0
Somalia,Barely,2015,,0,0
Somalia,Wheat,2015,,0,0
Somalia,Maize,2015,,0,2968
Somalia,Sorghum,2015,,0,3009
Somalia,Millet,2015,,0,0
Somalia,Oats,2015,,0,0
Somalia,Teff,2016,,0,0
Somalia,Barely,2016,,0,0
Somalia,Wheat,2016,,0,0
Somalia,Maize,2016,25833.74,61503026,2381
Somalia,Sorghum,2016,33056.64,85415780,2584
Somalia,Millet,2016,,0,0
Somalia,Oats,2016,,0,0
Somalia,Teff,2017,,0,0
Somalia,Barely,2017,,0,0
Somalia,Wheat,2017,,0,0
Somalia,Maize,2017,24767.08,51594344,2083
Somalia,Sorghum,2017,40388.03,80674097,1997
Somalia,Millet,2017,,0,0
Somalia,Oats,2017,,0,0
Somalia,Teff,2018,,0,0
Somalia,Barely,2018,,0,0
Somalia,Wheat,2018,,0,0
Somalia,Maize,2018,23792.38,57483111,2416
Somalia,Sorghum,2018,41271.04,95083254,2304
Somalia,Millet,2018,,0,0
Somalia,Oats,2018,,0,0
Somalia,Teff,2019,,0,0
Somalia,Barely,2019,,0,0
Somalia,Wheat,2019,,0,0
Somalia,Maize,2019,23792.38,57483111,2416
Somalia,Sorghum,2019,41271.04,95083254,2304
Somalia,Millet,2019,,0,0
Somalia,Oats,2019,,0,0
Somalia,Teff,2020,,0,0
Somalia,Barely,2020,,0,0
Somalia,Wheat,2020,,0,0
Somalia,Maize,2020,,0,0
Somalia,Sorghum,2020,,0,0
Somalia,Millet,2020,,0,0
Somalia,Oats,2020,,0,0
Somalia,Teff,2021,,0,0
Somalia,Barely,2021,,0,0
Somalia,Wheat,2021,,0,0
Somalia,Maize,2021,53753.17,108443591,2017
Somalia,Sorghum,2021,45321.84,78293509,1727
Somalia,Millet,2021,,0,0
Somalia,Oats,2021,,0,0
Somalia,Teff,2022,,0,0
Somalia,Barely,2022,,0,0
Somalia,Wheat,2022,,0,0
Somalia,Maize,2022,10419,10251134,984
Somalia,Sorghum,2022,,14397378,0
Somalia,Millet,2022,,0,0
Somalia,Oats,2022,,0,0
Benushangul Gumuz,Teff,1996,16150,9703000,601
Benushangul Gumuz,Barely,1996,,0,0
Benushangul Gumuz,Wheat,1996,,0,0
Benushangul Gumuz,Maize,1996,20550,40001000,1947
Benushangul Gumuz,Sorghum,1996,35070,38884000,1109
Benushangul Gumuz,Millet,1996,7150,7869000,1101
Benushangul Gumuz,Oats,1996,,0,0
Benushangul Gumuz,Teff,1997,17890,10464000,585
Benushangul Gumuz,Barely,1997,,0,0
Benushangul Gumuz,Wheat,1997,,0,0
Benushangul Gumuz,Maize,1997,21730,44378000,2042
Benushangul Gumuz,Sorghum,1997,38340,44884000,1171
Benushangul Gumuz,Millet,1997,7130,6022000,845
Benushangul Gumuz,Oats,1997,,0,0
Benushangul Gumuz,Teff,1998,22980,17380000,756
Benushangul Gumuz,Barely,1998,,0,0
Benushangul Gumuz,Wheat,1998,,0,0
Benushangul Gumuz,Maize,1998,22050,39596000,1796
Benushangul Gumuz,Sorghum,1998,45830,63780000,1392
Benushangul Gumuz,Millet,1998,13690,0,0
Benushangul Gumuz,Oats,1998,,3000,0
Benushangul Gumuz,Teff,1999,21640,10505000,485
Benushangul Gumuz,Barely,1999,,0,0
Benushangul Gumuz,Wheat,1999,,0,0
Benushangul Gumuz,Maize,1999,29010,55272000,1905
Benushangul Gumuz,Sorghum,1999,52140,66651000,1278
Benushangul Gumuz,Millet,1999,,29118000,0
Benushangul Gumuz,Oats,1999,,0,0
Benushangul Gumuz,Teff,2000,23810,14522000,610
Benushangul Gumuz,Barely,2000,,0,0
Benushangul Gumuz,Wheat,2000,,0,0
Benushangul Gumuz,Maize,2000,29540,49354000,1671
Benushangul Gumuz,Sorghum,2000,60350,74359000,1232
Benushangul Gumuz,Millet,2000,24570,28073000,1143
Benushangul Gumuz,Oats,2000,,0,0
Benushangul Gumuz,Teff,2001,16950,9777000,577
Benushangul Gumuz,Barely,2001,,0,0
Benushangul Gumuz,Wheat,2001,,0,0
Benushangul Gumuz,Maize,2001,26670,47378000,1776
Benushangul Gumuz,Sorghum,2001,61070,75467000,1236
Benushangul Gumuz,Millet,2001,22690,23164000,1021
Benushangul Gumuz,Oats,2001,,0,0
Benushangul Gumuz,Teff,2002,10736.57,7592932,707
Benushangul Gumuz,Barely,2002,1047.11,1044418,997
Benushangul Gumuz,Wheat,2002,891.15,970677,1089
Benushangul Gumuz,Maize,2002,20482.45,41252556,2014
Benushangul Gumuz,Sorghum,2002,52375.42,67039074,1280
Benushangul Gumuz,Millet,2002,17279.16,19878643,1150
Benushangul Gumuz,Oats,2002,27.6,21381,775
Benushangul Gumuz,Teff,2004,11944,8741100,732
Benushangul Gumuz,Barely,2004,,0,0
Benushangul Gumuz,Wheat,2004,,0,0
Benushangul Gumuz,Maize,2004,25677,44011400,1714
Benushangul Gumuz,Sorghum,2004,48006,54012800,1125
Benushangul Gumuz,Millet,2004,18934,20172900,1065
Benushangul Gumuz,Oats,2004,,0,0
Benushangul Gumuz,Teff,2005,12797,11692600,914
Benushangul Gumuz,Barely,2005,975,806000,827
Benushangul Gumuz,Wheat,2005,,0,0
Benushangul Gumuz,Maize,2005,27412,50018800,1825
Benushangul Gumuz,Sorghum,2005,49862,51159300,1026
Benushangul Gumuz,Millet,2005,20230,23165300,1145
Benushangul Gumuz,Oats,2005,,0,0
Benushangul Gumuz,Teff,2006,16654.32,13350915,802
Benushangul Gumuz,Barely,2006,1107.79,1152814,1041
Benushangul Gumuz,Wheat,2006,2047.65,2893619,1413
Benushangul Gumuz,Maize,2006,31720.76,62662819,1975
Benushangul Gumuz,Sorghum,2006,52886.98,72315689,1367
Benushangul Gumuz,Millet,2006,19485.45,24291613,1247
Benushangul Gumuz,Oats,2006,37.07,37332,1007
Benushangul Gumuz,Teff,2007,15719.53,14346476,913
Benushangul Gumuz,Barely,2007,822.62,970893,1180
Benushangul Gumuz,Wheat,2007,,0,0
Benushangul Gumuz,Maize,2007,31435.27,65361306,2079
Benushangul Gumuz,Sorghum,2007,58992.05,88717344,1504
Benushangul Gumuz,Millet,2007,22546.58,36771927,1631
Benushangul Gumuz,Oats,2007,,0,0
Benushangul Gumuz,Teff,2008,18870.52,20510225,1087
Benushangul Gumuz,Barely,2008,1275.85,1647409,1291
Benushangul Gumuz,Wheat,2008,3425.7,4971410,1451
Benushangul Gumuz,Maize,2008,31045.76,62437950,2011
Benushangul Gumuz,Sorghum,2008,59829.26,95367937,1594
Benushangul Gumuz,Millet,2008,27518.99,38743030,1408
Benushangul Gumuz,Oats,2008,,0,0
Benushangul Gumuz,Teff,2009,16276.07,16279627,1000
Benushangul Gumuz,Barely,2009,733.69,987155,1345
Benushangul Gumuz,Wheat,2009,2168.38,3700026,1706
Benushangul Gumuz,Maize,2009,32009.85,77336861,2416
Benushangul Gumuz,Sorghum,2009,58905.26,94750164,1609
Benushangul Gumuz,Millet,2009,29164.66,48237243,1654
Benushangul Gumuz,Oats,2009,,0,0
Benushangul Gumuz,Teff,2010,18632.31,18256459,980
Benushangul Gumuz,Barely,2010,874.3,939263,1074
Benushangul Gumuz,Wheat,2010,,0,0
Benushangul Gumuz,Maize,2010,35953.4,80121872,2228
Benushangul Gumuz,Sorghum,2010,59963.23,132780984,2214
Benushangul Gumuz,Millet,2010,28391.84,44268465,1559
Benushangul Gumuz,Oats,2010,87.6,0,0
Benushangul Gumuz,Teff,2011,23648.11,23107290,977
Benushangul Gumuz,Barely,2011,1264.49,1444057,1142
Benushangul Gumuz,Wheat,2011,2690.4,2984165,1109
Benushangul Gumuz,Maize,2011,43855.14,117292462,2675
Benushangul Gumuz,Sorghum,2011,66575.66,117608868,1767
Benushangul Gumuz,Millet,2011,29472.09,42625701,1446
Benushangul Gumuz,Oats,2011,,0,0
Benushangul Gumuz,Teff,2012,23615.03,23225663,984
Benushangul Gumuz,Barely,2012,818.37,853908,1043
Benushangul Gumuz,Wheat,2012,1668.86,0,0
Benushangul Gumuz,Maize,2012,46534.5,143187031,3077
Benushangul Gumuz,Sorghum,2012,60122.37,110820634,1843
Benushangul Gumuz,Millet,2012,34133.26,41057347,1203
Benushangul Gumuz,Oats,2012,,0,0
Benushangul Gumuz,Teff,2013,19389.08,19719405,1017
Benushangul Gumuz,Barely,2013,723.21,787764,1089
Benushangul Gumuz,Wheat,2013,1770.9,2946056,1664
Benushangul Gumuz,Maize,2013,49476.37,145454488,2940
Benushangul Gumuz,Sorghum,2013,65933.36,130995716,1940
Benushangul Gumuz,Millet,2013,29114.9,36568281,1256
Benushangul Gumuz,Oats,2013,,0,0
Benushangul Gumuz,Teff,2014,26021.15,26702847,1026
Benushangul Gumuz,Barely,2014,656.38,828346,1262
Benushangul Gumuz,Wheat,2014,2016.18,4068453,2018
Benushangul Gumuz,Maize,2014,46098,146577836,3180
Benushangul Gumuz,Sorghum,2014,64664.97,129540380,2003
Benushangul Gumuz,Millet,2014,31800.01,43700817,1374
Benushangul Gumuz,Oats,2014,,0,0
Benushangul Gumuz,Teff,2015,21409.26,24659144,1152
Benushangul Gumuz,Barely,2015,774.28,1028417,1328
Benushangul Gumuz,Wheat,2015,2033.12,0,0
Benushangul Gumuz,Maize,2015,45278.92,156509077,3457
Benushangul Gumuz,Sorghum,2015,64264.39,137852785,2145
Benushangul Gumuz,Millet,2015,30791.23,47634489,1547
Benushangul Gumuz,Oats,2015,,0,0
Benushangul Gumuz,Teff,2016,27116.65,31527669,1163
Benushangul Gumuz,Barely,2016,592.53,795097,1342
Benushangul Gumuz,Wheat,2016,2951.7,6740195,2283
Benushangul Gumuz,Maize,2016,46998.87,167376015,3561
Benushangul Gumuz,Sorghum,2016,51803.23,116895603,2257
Benushangul Gumuz,Millet,2016,32452.56,51824491,1597
Benushangul Gumuz,Oats,2016,,0,0
Benushangul Gumuz,Teff,2017,24432.5,30318432,1241
Benushangul Gumuz,Barely,2017,773.15,1119386,1448
Benushangul Gumuz,Wheat,2017,2081.17,0,0
Benushangul Gumuz,Maize,2017,49115.09,188481615,3838
Benushangul Gumuz,Sorghum,2017,58377.9,142172507,2435
Benushangul Gumuz,Millet,2017,29680.79,54448897,1834
Benushangul Gumuz,Oats,2017,,0,0
Benushangul Gumuz,Teff,2018,24529.72,32869677,1340
Benushangul Gumuz,Barely,2018,729.21,1064121,1459
Benushangul Gumuz,Wheat,2018,2455.71,5908357,2406
Benushangul Gumuz,Maize,2018,50681.11,203375051,4013
Benushangul Gumuz,Sorghum,2018,58946.39,158002844,2680
Benushangul Gumuz,Millet,2018,29167.48,57771303,1981
Benushangul Gumuz,Oats,2018,,0,0
Benushangul Gumuz,Teff,2019,29726.64,43213513,1454
Benushangul Gumuz,Barely,2019,1687.07,2637226,1563
Benushangul Gumuz,Wheat,2019,3033.6,7322787,2414
Benushangul Gumuz,Maize,2019,62287.85,253986366,4078
Benushangul Gumuz,Sorghum,2019,56675.14,151995631,2682
Benushangul Gumuz,Millet,2019,21311.26,42655487,2002
Benushangul Gumuz,Oats,2019,,0,0
Benushangul Gumuz,Teff,2020,27130.09,40606801,1497
Benushangul Gumuz,Barely,2020,,0,0
Benushangul Gumuz,Wheat,2020,3377.63,8477865,2510
Benushangul Gumuz,Maize,2020,61948.91,256836140,4146
Benushangul Gumuz,Sorghum,2020,60134.58,173394724,2883
Benushangul Gumuz,Millet,2020,17548.8,36309112,2069
Benushangul Gumuz,Oats,2020,,0,0
Benushangul Gumuz,Teff,2021,22021.32,33444520,1519
Benushangul Gumuz,Barely,2021,,0,0
Benushangul Gumuz,Wheat,2021,,0,0
Benushangul Gumuz,Maize,2021,71802.87,308909188,4302
Benushangul Gumuz,Sorghum,2021,39742.1,0,0
Benushangul Gumuz,Millet,2021,23553.74,52537630,2231
Benushangul Gumuz,Oats,2021,,0,0
Benushangul Gumuz,Teff,2022,22021.32,33444520,1519
Benushangul Gumuz,Barely,2022,,0,0
Benushangul Gumuz,Wheat,2022,,0,0
Benushangul Gumuz,Maize,2022,71802.87,308909188,4302
Benushangul Gumuz,Sorghum,2022,39742.1,0,0
Benushangul Gumuz,Millet,2022,23553.74,52537630,2231
Benushangul Gumuz,Oats,2022,,0,0
S.N.N.P.R,Teff,1996,160440,141367000,881
S.N.N.P.R,Barely,1996,52320,60167000,1150
S.N.N.P.R,Wheat,1996,58260,110568000,1898
S.N.N.P.R,Maize,1996,194650,359653000,1848
S.N.N.P.R,Sorghum,1996,140370,167762000,1195
S.N.N.P.R,Millet,1996,3510,0,0
S.N.N.P.R,Oats,1996,,0,0
S.N.N.P.R,Teff,1997,183580,192448000,1048
S.N.N.P.R,Barely,1997,48550,57469000,1184
S.N.N.P.R,Wheat,1997,64340,125494000,1950
S.N.N.P.R,Maize,1997,163240,311344000,1907
S.N.N.P.R,Sorghum,1997,111760,131422000,1176
S.N.N.P.R,Millet,1997,4880,0,0
S.N.N.P.R,Oats,1997,,0,0
S.N.N.P.R,Teff,1998,123240,87765000,712
S.N.N.P.R,Barely,1998,49970,50575000,1012
S.N.N.P.R,Wheat,1998,66950,96071000,1435
S.N.N.P.R,Maize,1998,165470,324638000,1962
S.N.N.P.R,Sorghum,1998,69590,80746000,1160
S.N.N.P.R,Millet,1998,3160,2173000,688
S.N.N.P.R,Oats,1998,,0,0
S.N.N.P.R,Teff,1999,167400,97731000,584
S.N.N.P.R,Barely,1999,,91094000,923
S.N.N.P.R,Wheat,1999,82340,93416000,1135
S.N.N.P.R,Maize,1999,162670,288330000,1772
S.N.N.P.R,Sorghum,1999,82910,79245000,956
S.N.N.P.R,Millet,1999,,1645000,0
S.N.N.P.R,Oats,1999,,0,0
S.N.N.P.R,Teff,2000,165050,104833000,635
S.N.N.P.R,Barely,2000,5730,57877000,1020
S.N.N.P.R,Wheat,2000,68390,75025000,1097
S.N.N.P.R,Maize,2000,205700,333929000,1623
S.N.N.P.R,Sorghum,2000,93240,87370000,937
S.N.N.P.R,Millet,2000,4160,2926000,703
S.N.N.P.R,Oats,2000,60,0,0
S.N.N.P.R,Teff,2001,174360,120643000,692
S.N.N.P.R,Barely,2001,118410,123128000,1040
S.N.N.P.R,Wheat,2001,105790,180038000,1702
S.N.N.P.R,Maize,2001,344800,579274000,1680
S.N.N.P.R,Sorghum,2001,153800,146571000,953
S.N.N.P.R,Millet,2001,7520,3647000,485
S.N.N.P.R,Oats,2001,90,44000,489
S.N.N.P.R,Teff,2002,133882.17,98956647,739
S.N.N.P.R,Barely,2002,68463.31,75973303,1110
S.N.N.P.R,Wheat,2002,92351.77,135370649,1466
S.N.N.P.R,Maize,2002,191490.02,327037722,1708
S.N.N.P.R,Sorghum,2002,84276.06,84200946,999
S.N.N.P.R,Millet,2002,4527.18,5151849,1138
S.N.N.P.R,Oats,2002,626.57,627942,1002
S.N.N.P.R,Teff,2004,182723,119526900,654
S.N.N.P.R,Barely,2004,68863,76177800,1106
S.N.N.P.R,Wheat,2004,114578,173361100,1513
S.N.N.P.R,Maize,2004,216243,384842600,1780
S.N.N.P.R,Sorghum,2004,99624,92417200,928
S.N.N.P.R,Millet,2004,5186,7899500,1523
S.N.N.P.R,Oats,2004,372,325500,875
S.N.N.P.R,Teff,2005,210055,162905800,776
S.N.N.P.R,Barely,2005,84936,9834700,1165
S.N.N.P.R,Wheat,2005,131485,196284400,1493
S.N.N.P.R,Maize,2005,207410,315571100,1521
S.N.N.P.R,Sorghum,2005,92009,97593400,1061
S.N.N.P.R,Millet,2005,4767,5744200,1205
S.N.N.P.R,Oats,2005,506,486200,962
S.N.N.P.R,Teff,2006,193193.16,145474277,753
S.N.N.P.R,Barely,2006,81505.59,90939320,1116
S.N.N.P.R,Wheat,2006,119118.32,179932070,1511
S.N.N.P.R,Maize,2006,206397.39,374015890,1812
S.N.N.P.R,Sorghum,2006,103150.03,102768411,996
S.N.N.P.R,Millet,2006,4575.07,4320997,944
S.N.N.P.R,Oats,2006,315.3,257541,817
S.N.N.P.R,Teff,2007,199492.22,155610758,780
S.N.N.P.R,Barely,2007,84744.74,98836504,1166
S.N.N.P.R,Wheat,2007,123194.84,194479536,1579
S.N.N.P.R,Maize,2007,220993.46,435995934,1973
S.N.N.P.R,Sorghum,2007,111469.9,122610890,1100
S.N.N.P.R,Millet,2007,6381.05,7342450,1151
S.N.N.P.R,Oats,2007,460.99,332400,721
S.N.N.P.R,Teff,2008,234789.37,232246796,989
S.N.N.P.R,Barely,2008,70409.55,90881819,1291
S.N.N.P.R,Wheat,2008,118815.25,197457919,1662
S.N.N.P.R,Maize,2008,248881.66,439811852,1767
S.N.N.P.R,Sorghum,2008,102474.24,139163975,1358
S.N.N.P.R,Millet,2008,5966.91,6690953,1121
S.N.N.P.R,Oats,2008,574.87,393423,684
S.N.N.P.R,Teff,2009,194962.3,210060030,1077
S.N.N.P.R,Barely,2009,76437.71,105487390,1380
S.N.N.P.R,Wheat,2009,113660.3,217003280,1909
S.N.N.P.R,Maize,2009,280446,528670080,1885
S.N.N.P.R,Sorghum,2009,111055.1,172797680,1556
S.N.N.P.R,Millet,2009,6047.57,7896745,1306
S.N.N.P.R,Oats,2009,485.59,418615,862
S.N.N.P.R,Teff,2010,196701.83,233696152,1188
S.N.N.P.R,Barely,2010,88038.46,1128218912,1456
S.N.N.P.R,Wheat,2010,155660.71,308990982,1985
S.N.N.P.R,Maize,2010,278927.61,539079421,1933
S.N.N.P.R,Sorghum,2010,108743.79,216710190,1993
S.N.N.P.R,Millet,2010,6020.19,8998050,1495
S.N.N.P.R,Oats,2010,769.24,1112835,1447
S.N.N.P.R,Teff,2011,265377.07,296759360,1118
S.N.N.P.R,Barely,2011,111756.36,198212782,1774
S.N.N.P.R,Wheat,2011,131162.87,244601954,1865
S.N.N.P.R,Maize,2011,237354.61,556546340,2345
S.N.N.P.R,Sorghum,2011,107735.23,175125481,1626
S.N.N.P.R,Millet,2011,3800.09,4266584,1123
S.N.N.P.R,Oats,2011,301.95,288563,956
S.N.N.P.R,Teff,2012,257794.7,293766954,1140
S.N.N.P.R,Barely,2012,82305.24,113651742,1381
S.N.N.P.R,Wheat,2012,125303.57,258140288,2060
S.N.N.P.R,Maize,2012,306431.17,844723248,2757
S.N.N.P.R,Sorghum,2012,122731.01,196715893,1603
S.N.N.P.R,Millet,2012,4097.68,5111567,1247
S.N.N.P.R,Oats,2012,450.16,667083,1482
S.N.N.P.R,Teff,2013,202375.61,251540923,1243
S.N.N.P.R,Barely,2013,82040.19,131467986,1602
S.N.N.P.R,Wheat,2013,138351.34,302233680,2185
S.N.N.P.R,Maize,2013,305204.64,871890174,2857
S.N.N.P.R,Sorghum,2013,131516.72,224519380,1707
S.N.N.P.R,Millet,2013,4873.12,5704020,1171
S.N.N.P.R,Oats,2013,504.7,401405,795
S.N.N.P.R,Teff,2014,259507.5,327506015,1262
S.N.N.P.R,Barely,2014,76763.65,132356026,1724
S.N.N.P.R,Wheat,2014,118349.23,281685626,2380
S.N.N.P.R,Maize,2014,284723.54,887752394,3118
S.N.N.P.R,Sorghum,2014,118211.88,219406699,1856
S.N.N.P.R,Millet,2014,4184.27,4408923,1054
S.N.N.P.R,Oats,2014,420.28,329579,784
S.N.N.P.R,Teff,2015,238539.4,326860266,1370
S.N.N.P.R,Barely,2015,73614.79,126845014,1723
S.N.N.P.R,Wheat,2015,137294.72,334571131,2437
S.N.N.P.R,Maize,2015,310243.28,999868525,3223
S.N.N.P.R,Sorghum,2015,116887.44,247740287,2119
S.N.N.P.R,Millet,2015,4286.6,6466913,1509
S.N.N.P.R,Oats,2015,301.49,415278,1377
S.N.N.P.R,Teff,2016,212098.09,277360093,1308
S.N.N.P.R,Barely,2016,80861.37,142437232,1761
S.N.N.P.R,Wheat,2016,133419.8,334633928,2508
S.N.N.P.R,Maize,2016,325116.61,999735524,3075
S.N.N.P.R,Sorghum,2016,105741.73,215746590,2040
S.N.N.P.R,Millet,2016,3781.22,5273914,1395
S.N.N.P.R,Oats,2016,258.42,0,0
S.N.N.P.R,Teff,2017,246099.24,341254766,1387
S.N.N.P.R,Barely,2017,84037.3,151506493,1803
S.N.N.P.R,Wheat,2017,127211.62,328759190,2584
S.N.N.P.R,Maize,2017,322714.36,1085725550,3364
S.N.N.P.R,Sorghum,2017,97489.29,216894203,2225
S.N.N.P.R,Millet,2017,3626.67,5646942,1557
S.N.N.P.R,Oats,2017,,0,0
S.N.N.P.R,Teff,2018,248124.17,370414919,1493
S.N.N.P.R,Barely,2018,81161.32,154504718,1904
S.N.N.P.R,Wheat,2018,127246.59,339195951,2606
S.N.N.P.R,Maize,2018,314535.17,1196967078,3806
S.N.N.P.R,Sorghum,2018,112193.73,285264082,2543
S.N.N.P.R,Millet,2018,4485.63,7205019,1606
S.N.N.P.R,Oats,2018,337.6,501864,1487
S.N.N.P.R,Teff,2019,236532.28,350828648,1483
S.N.N.P.R,Barely,2019,93643.58,181893969,1942
S.N.N.P.R,Wheat,2019,151583.2,402857455,2658
S.N.N.P.R,Maize,2019,320078.03,1257581630,3929
S.N.N.P.R,Sorghum,2019,102872.44,268432922,2609
S.N.N.P.R,Millet,2019,9670.25,15381202,1591
S.N.N.P.R,Oats,2019,368.68,538295,1460
S.N.N.P.R,Teff,2020,243613.39,383757706,1575
S.N.N.P.R,Barely,2020,89967.31,175567149,1951
S.N.N.P.R,Wheat,2020,145106.35,400771950,2762
S.N.N.P.R,Maize,2020,356365.9,1492438859,4188
S.N.N.P.R,Sorghum,2020,102785.55,284099694,2764
S.N.N.P.R,Millet,2020,10901.17,17550375,1610
S.N.N.P.R,Oats,2020,,0,0
S.N.N.P.R,Teff,2021,234350.83,374427961,1598
S.N.N.P.R,Barely,2021,75440.14,183737285,2436
S.N.N.P.R,Wheat,2021,147640.62,431681366,2924
S.N.N.P.R,Maize,2021,313799.28,1307399393,4166
S.N.N.P.R,Sorghum,2021,62926.09,161787868,2571
S.N.N.P.R,Millet,2021,9362.3,22601497,2414
S.N.N.P.R,Oats,2021,300.75,488326,1624
S.N.N.P.R,Teff,2022,211639.3,328840228,1554
S.N.N.P.R,Barely,2022,70837.95,166442165,2350
S.N.N.P.R,Wheat,2022,142738.62,409266109,2867
S.N.N.P.R,Maize,2022,348216.59,1389362156,3990
S.N.N.P.R,Sorghum,2022,79129.69,197616957,2497
S.N.N.P.R,Millet,2022,9157.31,21567919,2355
S.N.N.P.R,Oats,2022,98.41,143726,1460
Gambela,Teff,1996,,0,0
Gambela,Barely,1996,,0,0
Gambela,Wheat,1996,,0,0
Gambela,Maize,1996,5160,14789000,2866
Gambela,Sorghum,1996,4440,7813000,1760
Gambela,Millet,1996,,0,0
Gambela,Oats,1996,,0,0
Gambela,Teff,1997,,0,0
Gambela,Barely,1997,,0,0
Gambela,Wheat,1997,,0,0
Gambela,Maize,1997,2910,4734000,1627
Gambela,Sorghum,1997,2100,4251000,2024
Gambela,Millet,1997,,0,0
Gambela,Oats,1997,,0,0
Gambela,Teff,1998,,0,0
Gambela,Barely,1998,,0,0
Gambela,Wheat,1998,,0,0
Gambela,Maize,1998,9000,21642000,2405
Gambela,Sorghum,1998,3290,4384000,1333
Gambela,Millet,1998,,0,0
Gambela,Oats,1998,,0,0
Gambela,Teff,1999,,0,0
Gambela,Barely,1999,,0,0
Gambela,Wheat,1999,,0,0
Gambela,Maize,1999,,13607000,0
Gambela,Sorghum,1999,,8294000,0
Gambela,Millet,1999,,0,0
Gambela,Oats,1999,,0,0
Gambela,Teff,2000,,0,0
Gambela,Barely,2000,,0,0
Gambela,Wheat,2000,,0,0
Gambela,Maize,2000,7150,14441000,2020
Gambela,Sorghum,2000,5310,10133000,1908
Gambela,Millet,2000,,0,0
Gambela,Oats,2000,,0,0
Gambela,Teff,2001,,0,0
Gambela,Barely,2001,,0,0
Gambela,Wheat,2001,,0,0
Gambela,Maize,2001,8790,24420000,2778
Gambela,Sorghum,2001,4540,5720000,1260
Gambela,Millet,2001,,0,0
Gambela,Oats,2001,,0,0
Gambela,Teff,2002,4.67,0,0
Gambela,Barely,2002,9.41,2121,225
Gambela,Wheat,2002,,0,0
Gambela,Maize,2002,5110.06,10986748,2150
Gambela,Sorghum,2002,2664.26,3321791,1247
Gambela,Millet,2002,48.38,53555,1107
Gambela,Oats,2002,,0,0
Gambela,Teff,2004,,0,0
Gambela,Barely,2004,,0,0
Gambela,Wheat,2004,,0,0
Gambela,Maize,2004,5967,0,0
Gambela,Sorghum,2004,2945,0,0
Gambela,Millet,2004,40,0,0
Gambela,Oats,2004,,0,0
Gambela,Teff,2005,,0,0
Gambela,Barely,2005,,0,0
Gambela,Wheat,2005,,0,0
Gambela,Maize,2005,,0,0
Gambela,Sorghum,2005,,0,0
Gambela,Millet,2005,,0,0
Gambela,Oats,2005,,0,0
Gambela,Teff,2006,,0,0
Gambela,Barely,2006,,0,0
Gambela,Wheat,2006,,0,0
Gambela,Maize,2006,5842,12558400,2150
Gambela,Sorghum,2006,2889,4128800,1429
Gambela,Millet,2006,,0,0
Gambela,Oats,2006,,0,0
Gambela,Teff,2007,,0,0
Gambela,Barely,2007,,0,0
Gambela,Wheat,2007,,0,0
Gambela,Maize,2007,5842,12558400,2150
Gambela,Sorghum,2007,2889,4128800,1429
Gambela,Millet,2007,,0,0
Gambela,Oats,2007,,0,0
Gambela,Teff,2008,,0,0
Gambela,Barely,2008,,0,0
Gambela,Wheat,2008,,0,0
Gambela,Maize,2008,6823.82,13746677,2015
Gambela,Sorghum,2008,3079.24,5126545,1665
Gambela,Millet,2008,,0,0
Gambela,Oats,2008,,0,0
Gambela,Teff,2009,,0,0
Gambela,Barely,2009,,0,0
Gambela,Wheat,2009,,0,0
Gambela,Maize,2009,,0,0
Gambela,Sorghum,2009,,0,0
Gambela,Millet,2009,,0,0
Gambela,Oats,2009,,0,0
Gambela,Teff,2010,,0,0
Gambela,Barely,2010,,0,0
Gambela,Wheat,2010,,0,0
Gambela,Maize,2010,4792.95,9712493,2026
Gambela,Sorghum,2010,4682.3,9257859,1977
Gambela,Millet,2010,,0,0
Gambela,Oats,2010,,0,0
Gambela,Teff,2011,,0,0
Gambela,Barely,2011,,0,0
Gambela,Wheat,2011,,0,0
Gambela,Maize,2011,6051.1,10245940,1693
Gambela,Sorghum,2011,3528.41,8214646,2328
Gambela,Millet,2011,,0,0
Gambela,Oats,2011,,0,0
Gambela,Teff,2012,,0,0
Gambela,Barely,2012,,0,0
Gambela,Wheat,2012,,0,0
Gambela,Maize,2012,4518.41,10687412,2365
Gambela,Sorghum,2012,3324.79,5497360,1653
Gambela,Millet,2012,,0,0
Gambela,Oats,2012,,0,0
Gambela,Teff,2013,,0,0
Gambela,Barely,2013,26.92,0,0
Gambela,Wheat,2013,,0,0
Gambela,Maize,2013,5070.81,11972488,2361
Gambela,Sorghum,2013,3662.18,8232240,2248
Gambela,Millet,2013,,0,0
Gambela,Oats,2013,,0,0
Gambela,Teff,2014,,0,0
Gambela,Barely,2014,,0,0
Gambela,Wheat,2014,,0,0
Gambela,Maize,2014,4666.49,10107013,2166
Gambela,Sorghum,2014,3050.36,7228069,2370
Gambela,Millet,2014,,0,0
Gambela,Oats,2014,,0,0
Gambela,Teff,2015,,0,0
Gambela,Barely,2015,,0,0
Gambela,Wheat,2015,,0,0
Gambela,Maize,2015,4666.49,10107013,2166
Gambela,Sorghum,2015,3050.36,7228069,2370
Gambela,Millet,2015,,0,0
Gambela,Oats,2015,,0,0
Gambela,Teff,2016,,0,0
Gambela,Barely,2016,,0,0
Gambela,Wheat,2016,,0,0
Gambela,Maize,2016,4080.02,7969537,1953
Gambela,Sorghum,2016,2598.59,4087252,1573
Gambela,Millet,2016,,0,0
Gambela,Oats,2016,,0,0
Gambela,Teff,2017,,0,0
Gambela,Barely,2017,,0,0
Gambela,Wheat,2017,,0,0
Gambela,Maize,2017,4061.5,9144938,2252
Gambela,Sorghum,2017,2846.94,6168695,2167
Gambela,Millet,2017,,0,0
Gambela,Oats,2017,,0,0
Gambela,Teff,2018,,0,0
Gambela,Barely,2018,,0,0
Gambela,Wheat,2018,,0,0
Gambela,Maize,2018,4751.79,12582755,2648
Gambela,Sorghum,2018,1704.1,3792999,2226
Gambela,Millet,2018,,0,0
Gambela,Oats,2018,,0,0
Gambela,Teff,2019,,0,0
Gambela,Barely,2019,,0,0
Gambela,Wheat,2019,,0,0
Gambela,Maize,2019,4040.25,10785938,2670
Gambela,Sorghum,2019,3359.38,7322414,2180
Gambela,Millet,2019,,0,0
Gambela,Oats,2019,,0,0
Gambela,Teff,2020,,0,0
Gambela,Barely,2020,,0,0
Gambela,Wheat,2020,,0,0
Gambela,Maize,2020,,0,0
Gambela,Sorghum,2020,,0,0
Gambela,Millet,2020,,0,0
Gambela,Oats,2020,,0,0
Gambela,Teff,2021,,0,0
Gambela,Barely,2021,,0,0
Gambela,Wheat,2021,,0,0
Gambela,Maize,2021,4831.46,11639114,2409
Gambela,Sorghum,2021,3254.18,3989843,1226
Gambela,Millet,2021,,0,0
Gambela,Oats,2021,,0,0
Gambela,Teff,2022,,0,0
Gambela,Barely,2022,,0,0
Gambela,Wheat,2022,,0,0
Gambela,Maize,2022,5158,23354502,4528
Gambela,Sorghum,2022,4706,5681329,1207
Gambela,Millet,2022,,0,0
Gambela,Oats,2022,,0,0
Harari,Teff,1996,,0,0
Harari,Barely,1996,,0,0
Harari,Wheat,1996,120,0,0
Harari,Maize,1996,680,781000,1149000
Harari,Sorghum,1996,2840,3020000,1063000
Harari,Millet,1996,,0,0
Harari,Oats,1996,,0,0
Harari,Teff,1997,,0,0
Harari,Barely,1997,,0,0
Harari,Wheat,1997,100,70000,700
Harari,Maize,1997,1170,1271000,1086
Harari,Sorghum,1997,3580,3445000,962
Harari,Millet,1997,,0,0
Harari,Oats,1997,,0,0
Harari,Teff,1998,,0,0
Harari,Barely,1998,,0,0
Harari,Wheat,1998,40,28000,700
Harari,Maize,1998,670,534000,797
Harari,Sorghum,1998,2990,2284000,764
Harari,Millet,1998,,0,0
Harari,Oats,1998,,0,0
Harari,Teff,1999,,0,0
Harari,Barely,1999,20,0,0
Harari,Wheat,1999,80,54000,675
Harari,Maize,1999,1140,1265000,1110
Harari,Sorghum,1999,3260,2545000,781
Harari,Millet,1999,,0,0
Harari,Oats,1999,,0,0
Harari,Teff,2000,,0,0
Harari,Barely,2000,30,0,0
Harari,Wheat,2000,200,143000,715
Harari,Maize,2000,1420,1627000,1146
Harari,Sorghum,2000,3910,3184000,814
Harari,Millet,2000,,0,0
Harari,Oats,2000,,0,0
Harari,Teff,2001,,0,0
Harari,Barely,2001,60,57000,950
Harari,Wheat,2001,270,212000,785
Harari,Maize,2001,1080,960000,889
Harari,Sorghum,2001,4990,3781000,758
Harari,Millet,2001,,0,0
Harari,Oats,2001,,0,0
Harari,Teff,2002,,0,0
Harari,Barely,2002,18.04,0,0
Harari,Wheat,2002,99.94,54911,549
Harari,Maize,2002,667.56,826740,1238
Harari,Sorghum,2002,3834.52,3489212,910
Harari,Millet,2002,,0,0
Harari,Oats,2002,,0,0
Harari,Teff,2004,,0,0
Harari,Barely,2004,,0,0
Harari,Wheat,2004,,0,0
Harari,Maize,2004,925,1205300,1302
Harari,Sorghum,2004,5053,4029700,797
Harari,Millet,2004,,0,0
Harari,Oats,2004,,0,0
Harari,Teff,2005,,0,0
Harari,Barely,2005,36,18400,510
Harari,Wheat,2005,,0,0
Harari,Maize,2005,1149,1014800,883
Harari,Sorghum,2005,4649,2605500,561
Harari,Millet,2005,,0,0
Harari,Oats,2005,,0,0
Harari,Teff,2006,1.36,0,0
Harari,Barely,2006,54.68,59453,1087
Harari,Wheat,2006,51.15,44537,871
Harari,Maize,2006,933.06,1214117,1301
Harari,Sorghum,2006,5407.15,4855216,898
Harari,Millet,2006,,0,0
Harari,Oats,2006,14.5,16236,1120
Harari,Teff,2007,,0,0
Harari,Barely,2007,,0,0
Harari,Wheat,2007,64.59,72079,1116
Harari,Maize,2007,1366.38,2212699,1619
Harari,Sorghum,2007,5473.37,6386184,1167
Harari,Millet,2007,,0,0
Harari,Oats,2007,,0,0
Harari,Teff,2008,,0,0
Harari,Barely,2008,15.34,12078,787
Harari,Wheat,2008,36.61,36268,991
Harari,Maize,2008,1272.88,2111165,1659
Harari,Sorghum,2008,5712.8,6905515,1209
Harari,Millet,2008,,0,0
Harari,Oats,2008,,0,0
Harari,Teff,2009,,0,0
Harari,Barely,2009,,0,0
Harari,Wheat,2009,,0,0
Harari,Maize,2009,,0,0
Harari,Sorghum,2009,,0,0
Harari,Millet,2009,,0,0
Harari,Oats,2009,,0,0
Harari,Teff,2010,,0,0
Harari,Barely,2010,,0,0
Harari,Wheat,2010,246.78,444621,1802
Harari,Maize,2010,1425.18,1814219,1273
Harari,Sorghum,2010,6122.81,6776006,1107
Harari,Millet,2010,,0,0
Harari,Oats,2010,,0,0
Harari,Teff,2011,,0,0
Harari,Barely,2011,17.48,16636,952
Harari,Wheat,2011,116.51,140048,1202
Harari,Maize,2011,808.72,1620428,2004
Harari,Sorghum,2011,6762.14,10116300,1496
Harari,Millet,2011,,0,0
Harari,Oats,2011,,0,0
Harari,Teff,2012,,0,0
Harari,Barely,2012,25.26,20439,809
Harari,Wheat,2012,71.79,83108,1158
Harari,Maize,2012,2068.62,5337816,2580
Harari,Sorghum,2012,7701.89,14851094,1928
Harari,Millet,2012,,0,0
Harari,Oats,2012,,0,0
Harari,Teff,2013,,0,0
Harari,Barely,2013,,0,0
Harari,Wheat,2013,58.94,0,0
Harari,Maize,2013,1242.35,2741443,2207
Harari,Sorghum,2013,6871.85,8590388,1250
Harari,Millet,2013,,0,0
Harari,Oats,2013,,0,0
Harari,Teff,2014,,0,0
Harari,Barely,2014,,0,0
Harari,Wheat,2014,,0,0
Harari,Maize,2014,1401.38,3087611,2203
Harari,Sorghum,2014,6656.98,9725698,1461
Harari,Millet,2014,,0,0
Harari,Oats,2014,,0,0
Harari,Teff,2015,,0,0
Harari,Barely,2015,27.48,0,0
Harari,Wheat,2015,,0,0
Harari,Maize,2015,1300.31,2747185,2113
Harari,Sorghum,2015,7304.98,13368997,1830
Harari,Millet,2015,,0,0
Harari,Oats,2015,,0,0
Harari,Teff,2016,,0,0
Harari,Barely,2016,,0,0
Harari,Wheat,2016,,0,0
Harari,Maize,2016,1265.83,2100281,1659
Harari,Sorghum,2016,7496.5,12206534,1628
Harari,Millet,2016,,0,0
Harari,Oats,2016,,0,0
Harari,Teff,2017,,0,0
Harari,Barely,2017,,0,0
Harari,Wheat,2017,,0,0
Harari,Maize,2017,1407.76,3340244,2373
Harari,Sorghum,2017,7151.79,13052730,1825
Harari,Millet,2017,,0,0
Harari,Oats,2017,,0,0
Harari,Teff,2018,,0,0
Harari,Barely,2018,,0,0
Harari,Wheat,2018,,0,0
Harari,Maize,2018,1397.66,3382752,2420
Harari,Sorghum,2018,7316.23,13837675,1891
Harari,Millet,2018,,0,0
Harari,Oats,2018,,0,0
Harari,Teff,2019,,0,0
Harari,Barely,2019,,0,0
Harari,Wheat,2019,38.07,51437,1351
Harari,Maize,2019,1154.09,2500033,2166
Harari,Sorghum,2019,7991.36,14059021,1759
Harari,Millet,2019,,0,0
Harari,Oats,2019,,0,0
Harari,Teff,2020,,0,0
Harari,Barely,2020,,0,0
Harari,Wheat,2020,101.07,154222,1526
Harari,Maize,2020,1712.35,3963292,2315
Harari,Sorghum,2020,7942.01,16342561,2058
Harari,Millet,2020,,0,0
Harari,Oats,2020,,0,0
Harari,Teff,2021,,0,0
Harari,Barely,2021,,0,0
Harari,Wheat,2021,,0,0
Harari,Maize,2021,1315.09,3096809,2355
Harari,Sorghum,2021,8305.19,16844948,2028
Harari,Millet,2021,,0,0
Harari,Oats,2021,,0,0
Harari,Teff,2022,,20,167
Harari,Barely,2022,21,11970,570
Harari,Wheat,2022,246,376766,1528
Harari,Maize,2022,1802,5610311,3112
Harari,Sorghum,2022,6828,15076446,2208
Harari,Millet,2022,,0,0
Harari,Oats,2022,,0,0
DIRE DAWA,Teff,1996,,0,0
DIRE DAWA,Barely,1996,,0,0
DIRE DAWA,Wheat,1996,,0,0
DIRE DAWA,Maize,1996,230,0,0
DIRE DAWA,Sorghum,1996,7160,4329000,605
DIRE DAWA,Millet,1996,,0,0
DIRE DAWA,Oats,1996,,0,0
DIRE DAWA,Teff,1997,,0,0
DIRE DAWA,Barely,1997,,0,0
DIRE DAWA,Wheat,1997,,0,0
DIRE DAWA,Maize,1997,130,0,0
DIRE DAWA,Sorghum,1997,5460,6419000,1176
DIRE DAWA,Millet,1997,,0,0
DIRE DAWA,Oats,1997,,0,0
DIRE DAWA,Teff,1998,,0,0
DIRE DAWA,Barely,1998,,0,0
DIRE DAWA,Wheat,1998,,0,0
DIRE DAWA,Maize,1998,60,0,0
DIRE DAWA,Sorghum,1998,4430,3350000,756
DIRE DAWA,Millet,1998,,0,0
DIRE DAWA,Oats,1998,,0,0
DIRE DAWA,Teff,1999,,0,0
DIRE DAWA,Barely,1999,,0,0
DIRE DAWA,Wheat,1999,,0,0
DIRE DAWA,Maize,1999,180,131000,728
DIRE DAWA,Sorghum,1999,4940,5336000,1080
DIRE DAWA,Millet,1999,,0,0
DIRE DAWA,Oats,1999,,0,0
DIRE DAWA,Teff,2000,,0,0
DIRE DAWA,Barely,2000,,0,0
DIRE DAWA,Wheat,2000,,0,0
DIRE DAWA,Maize,2000,300,270000,900
DIRE DAWA,Sorghum,2000,5590,5701000,1020
DIRE DAWA,Millet,2000,,0,0
DIRE DAWA,Oats,2000,,0,0
DIRE DAWA,Teff,2001,,0,0
DIRE DAWA,Barely,2001,,0,0
DIRE DAWA,Wheat,2001,,0,0
DIRE DAWA,Maize,2001,370,410000,1108
DIRE DAWA,Sorghum,2001,7060,6424000,910
DIRE DAWA,Millet,2001,,0,0
DIRE DAWA,Oats,2001,,0,0
DIRE DAWA,Teff,2002,,0,0
DIRE DAWA,Barely,2002,,0,0
DIRE DAWA,Wheat,2002,,0,0
DIRE DAWA,Maize,2002,257.46,329987,1282
DIRE DAWA,Sorghum,2002,6160.24,8574942,1392
DIRE DAWA,Millet,2002,,0,0
DIRE DAWA,Oats,2002,,0,0
DIRE DAWA,Teff,2004,,0,0
DIRE DAWA,Barely,2004,,0,0
DIRE DAWA,Wheat,2004,,0,0
DIRE DAWA,Maize,2004,184,234900,1277
DIRE DAWA,Sorghum,2004,6647,7302600,1099
DIRE DAWA,Millet,2004,,0,0
DIRE DAWA,Oats,2004,,0,0
DIRE DAWA,Teff,2005,,0,0
DIRE DAWA,Barely,2005,,0,0
DIRE DAWA,Wheat,2005,,0,0
DIRE DAWA,Maize,2005,281,307100,1092
DIRE DAWA,Sorghum,2005,6892,4426100,642
DIRE DAWA,Millet,2005,,0,0
DIRE DAWA,Oats,2005,,0,0
DIRE DAWA,Teff,2006,,0,0
DIRE DAWA,Barely,2006,21.65,17158,793
DIRE DAWA,Wheat,2006,,0,0
DIRE DAWA,Maize,2006,106.41,129510,1217
DIRE DAWA,Sorghum,2006,7294.57,7380100,1012
DIRE DAWA,Millet,2006,,0,0
DIRE DAWA,Oats,2006,,0,0
DIRE DAWA,Teff,2007,,0,0
DIRE DAWA,Barely,2007,,0,0
DIRE DAWA,Wheat,2007,,0,0
DIRE DAWA,Maize,2007,335.48,374977,1118
DIRE DAWA,Sorghum,2007,7553.31,9368009,1240
DIRE DAWA,Millet,2007,,0,0
DIRE DAWA,Oats,2007,,0,0
DIRE DAWA,Teff,2008,,0,0
DIRE DAWA,Barely,2008,,0,0
DIRE DAWA,Wheat,2008,,0,0
DIRE DAWA,Maize,2008,284,559681,1971
DIRE DAWA,Sorghum,2008,7135.92,9432046,1322
DIRE DAWA,Millet,2008,,0,0
DIRE DAWA,Oats,2008,,0,0
DIRE DAWA,Teff,2009,,0,0
DIRE DAWA,Barely,2009,,0,0
DIRE DAWA,Wheat,2009,,0,0
DIRE DAWA,Maize,2009,,0,0
DIRE DAWA,Sorghum,2009,,0,0
DIRE DAWA,Millet,2009,,0,0
DIRE DAWA,Oats,2009,,0,0
DIRE DAWA,Teff,2010,,0,0
DIRE DAWA,Barely,2010,,0,0
DIRE DAWA,Wheat,2010,,0,0
DIRE DAWA,Maize,2010,443.76,623245,1404
DIRE DAWA,Sorghum,2010,9115.09,8821948,968
DIRE DAWA,Millet,2010,,0,0
DIRE DAWA,Oats,2010,,0,0
DIRE DAWA,Teff,2011,,0,0
DIRE DAWA,Barely,2011,,2811,0
DIRE DAWA,Wheat,2011,,0,0
DIRE DAWA,Maize,2011,320.34,505268,1577
DIRE DAWA,Sorghum,2011,8851.57,15282952,1727
DIRE DAWA,Millet,2011,,0,0
DIRE DAWA,Oats,2011,,0,0
DIRE DAWA,Teff,2012,,0,0
DIRE DAWA,Barely,2012,,0,0
DIRE DAWA,Wheat,2012,,0,0
DIRE DAWA,Maize,2012,219.02,374131,1708
DIRE DAWA,Sorghum,2012,9389.52,13811632,1471
DIRE DAWA,Millet,2012,,0,0
DIRE DAWA,Oats,2012,,0,0
DIRE DAWA,Teff,2013,,0,0
DIRE DAWA,Barely,2013,,0,0
DIRE DAWA,Wheat,2013,,0,0
DIRE DAWA,Maize,2013,270.55,403260,1491
DIRE DAWA,Sorghum,2013,9429.03,15412641,1635
DIRE DAWA,Millet,2013,,0,0
DIRE DAWA,Oats,2013,,0,0
DIRE DAWA,Teff,2014,,0,0
DIRE DAWA,Barely,2014,,0,0
DIRE DAWA,Wheat,2014,,0,0
DIRE DAWA,Maize,2014,316,591969,1873
DIRE DAWA,Sorghum,2014,10001.74,18144939,1814
DIRE DAWA,Millet,2014,,0,0
DIRE DAWA,Oats,2014,,0,0
DIRE DAWA,Teff,2015,,0,0
DIRE DAWA,Barely,2015,,0,0
DIRE DAWA,Wheat,2015,,0,0
DIRE DAWA,Maize,2015,371.07,747454,2014
DIRE DAWA,Sorghum,2015,9923.91,19479552,1963
DIRE DAWA,Millet,2015,,0,0
DIRE DAWA,Oats,2015,,0,0
DIRE DAWA,Teff,2016,,0,0
DIRE DAWA,Barely,2016,,0,0
DIRE DAWA,Wheat,2016,,0,0
DIRE DAWA,Maize,2016,294.22,416183,1415
DIRE DAWA,Sorghum,2016,9498.11,11238573,1183
DIRE DAWA,Millet,2016,,0,0
DIRE DAWA,Oats,2016,,0,0
DIRE DAWA,Teff,2017,,0,0
DIRE DAWA,Barely,2017,,0,0
DIRE DAWA,Wheat,2017,,0,0
DIRE DAWA,Maize,2017,240.02,499129,2080
DIRE DAWA,Sorghum,2017,10507.78,20889029,1988
DIRE DAWA,Millet,2017,,0,0
DIRE DAWA,Oats,2017,,0,0
DIRE DAWA,Teff,2018,,0,0
DIRE DAWA,Barely,2018,,0,0
DIRE DAWA,Wheat,2018,,0,0
DIRE DAWA,Maize,2018,304.17,629635,2070
DIRE DAWA,Sorghum,2018,10820.72,20879988,1930
DIRE DAWA,Millet,2018,,0,0
DIRE DAWA,Oats,2018,,0,0
DIRE DAWA,Teff,2019,,0,0
DIRE DAWA,Barely,2019,,0,0
DIRE DAWA,Wheat,2019,,0,0
DIRE DAWA,Maize,2019,204.4,275387,1347
DIRE DAWA,Sorghum,2019,10914.71,17128287,1569
DIRE DAWA,Millet,2019,,0,0
DIRE DAWA,Oats,2019,,0,0
DIRE DAWA,Teff,2020,,0,0
DIRE DAWA,Barely,2020,,0,0
DIRE DAWA,Wheat,2020,,0,0
DIRE DAWA,Maize,2020,282.34,397247,1407
DIRE DAWA,Sorghum,2020,11126.18,22143704,1990
DIRE DAWA,Millet,2020,,0,0
DIRE DAWA,Oats,2020,,0,0
DIRE DAWA,Teff,2021,,0,0
DIRE DAWA,Barely,2021,,0,0
DIRE DAWA,Wheat,2021,,0,0
DIRE DAWA,Maize,2021,250.86,380477,1517
DIRE DAWA,Sorghum,2021,11241.97,11611922,1033
DIRE DAWA,Millet,2021,,0,0
DIRE DAWA,Oats,2021,,0,0
DIRE DAWA,Teff,2022,,0,0
DIRE DAWA,Barely,2022,,0,0
DIRE DAWA,Wheat,2022,,0,0
DIRE DAWA,Maize,2022,725,1353733,1865
DIRE DAWA,Sorghum,2022,9117,9381999,1029
DIRE DAWA,Millet,2022,,0,0
DIRE DAWA,Oats,2022,,0,0
